-- Заполнить все таблицы БД vk данными (по 10-100 записей в каждой таблице).


-- Generation time: Sun, 27 Dec 2020 17:10:22 +0000
-- Host: mysql.hostinger.ro
-- DB name: u574849695_21
/*!40030 SET NAMES UTF8 */;
/*!40101 SET @OLD_CHARACTER_SET_CLIENT=@@CHARACTER_SET_CLIENT */;
/*!40101 SET @OLD_CHARACTER_SET_RESULTS=@@CHARACTER_SET_RESULTS */;
/*!40101 SET @OLD_COLLATION_CONNECTION=@@COLLATION_CONNECTION */;
/*!40103 SET @OLD_TIME_ZONE=@@TIME_ZONE */;
/*!40103 SET TIME_ZONE='+00:00' */;
/*!40014 SET @OLD_UNIQUE_CHECKS=@@UNIQUE_CHECKS, UNIQUE_CHECKS=0 */;
/*!40014 SET @OLD_FOREIGN_KEY_CHECKS=@@FOREIGN_KEY_CHECKS, FOREIGN_KEY_CHECKS=0 */;
/*!40101 SET @OLD_SQL_MODE=@@SQL_MODE, SQL_MODE='NO_AUTO_VALUE_ON_ZERO' */;
/*!40111 SET @OLD_SQL_NOTES=@@SQL_NOTES, SQL_NOTES=0 */;

DROP TABLE IF EXISTS `communities`;
CREATE TABLE `communities` (
  `id` bigint(20) unsigned NOT NULL AUTO_INCREMENT,
  `name` varchar(150) COLLATE utf8_unicode_ci DEFAULT NULL,
  `admin_user_id` bigint(20) unsigned DEFAULT NULL,
  PRIMARY KEY (`id`),
  KEY `communities_name_idx` (`name`),
  KEY `admin_user_id` (`admin_user_id`),
  CONSTRAINT `communities_ibfk_1` FOREIGN KEY (`admin_user_id`) REFERENCES `users` (`id`) ON DELETE SET NULL ON UPDATE CASCADE
) ENGINE=InnoDB AUTO_INCREMENT=101 DEFAULT CHARSET=utf8 COLLATE=utf8_unicode_ci;

INSERT INTO `communities` VALUES ('1','odit','1'),
('2','voluptatem','2'),
('3','nostrum','3'),
('4','et','4'),
('5','excepturi','5'),
('6','laudantium','6'),
('7','est','7'),
('8','error','8'),
('9','iste','9'),
('10','cumque','10'),
('11','quia','11'),
('12','modi','12'),
('13','molestiae','13'),
('14','iusto','14'),
('15','assumenda','15'),
('16','voluptate','16'),
('17','illum','17'),
('18','voluptatem','18'),
('19','consequatur','19'),
('20','et','20'),
('21','aut','21'),
('22','sed','22'),
('23','dolorum','23'),
('24','ea','24'),
('25','aut','25'),
('26','quod','26'),
('27','saepe','27'),
('28','voluptas','28'),
('29','ad','29'),
('30','minus','30'),
('31','molestiae','31'),
('32','aut','32'),
('33','sunt','33'),
('34','ex','34'),
('35','ut','35'),
('36','quasi','36'),
('37','assumenda','37'),
('38','aut','38'),
('39','aut','39'),
('40','quo','40'),
('41','est','41'),
('42','dolores','42'),
('43','ut','43'),
('44','aut','44'),
('45','natus','45'),
('46','vel','46'),
('47','eum','47'),
('48','perferendis','48'),
('49','dolor','49'),
('50','ratione','50'),
('51','exercitationem','51'),
('52','saepe','52'),
('53','minus','53'),
('54','est','54'),
('55','et','55'),
('56','reprehenderit','56'),
('57','omnis','57'),
('58','voluptatem','58'),
('59','earum','59'),
('60','necessitatibus','60'),
('61','ratione','61'),
('62','est','62'),
('63','amet','63'),
('64','quae','64'),
('65','autem','65'),
('66','tempore','66'),
('67','laborum','67'),
('68','qui','68'),
('69','dolore','69'),
('70','debitis','70'),
('71','est','71'),
('72','omnis','72'),
('73','ut','73'),
('74','at','74'),
('75','quia','75'),
('76','laboriosam','76'),
('77','nulla','77'),
('78','enim','78'),
('79','qui','79'),
('80','delectus','80'),
('81','beatae','81'),
('82','quisquam','82'),
('83','aut','83'),
('84','qui','84'),
('85','quisquam','85'),
('86','non','86'),
('87','qui','87'),
('88','ut','88'),
('89','laboriosam','89'),
('90','iste','90'),
('91','id','91'),
('92','sit','92'),
('93','maxime','93'),
('94','neque','94'),
('95','odio','95'),
('96','a','96'),
('97','sed','97'),
('98','magni','98'),
('99','sequi','99'),
('100','nesciunt','100'); 


DROP TABLE IF EXISTS `friend_requests`;
CREATE TABLE `friend_requests` (
  `initiator_user_id` bigint(20) unsigned NOT NULL,
  `target_user_id` bigint(20) unsigned NOT NULL,
  `status` enum('requested','approved','declined','unfriended') COLLATE utf8_unicode_ci DEFAULT NULL,
  `requested_at` datetime DEFAULT current_timestamp(),
  `updated_at` datetime DEFAULT NULL ON UPDATE current_timestamp(),
  PRIMARY KEY (`initiator_user_id`,`target_user_id`),
  KEY `target_user_id` (`target_user_id`),
  CONSTRAINT `friend_requests_ibfk_1` FOREIGN KEY (`initiator_user_id`) REFERENCES `users` (`id`) ON DELETE CASCADE ON UPDATE CASCADE,
  CONSTRAINT `friend_requests_ibfk_2` FOREIGN KEY (`target_user_id`) REFERENCES `users` (`id`) ON DELETE CASCADE ON UPDATE CASCADE
) ENGINE=InnoDB DEFAULT CHARSET=utf8 COLLATE=utf8_unicode_ci;

INSERT INTO `friend_requests` VALUES ('1','1','approved','2000-06-11 12:52:04','1977-07-03 17:41:36'),
('2','2','requested','2010-04-03 17:40:03','2008-05-14 01:34:34'),
('3','3','declined','2018-03-08 05:36:50','1970-02-17 11:02:15'),
('4','4','unfriended','2003-06-21 09:46:30','1989-01-27 12:36:12'),
('5','5','approved','2005-04-03 23:17:46','1980-10-31 07:42:04'),
('6','6','declined','2009-03-01 22:20:00','2019-10-02 06:27:09'),
('7','7','unfriended','2016-12-02 04:36:56','2016-04-26 01:28:51'),
('8','8','approved','2000-01-25 22:19:43','2017-12-10 18:27:52'),
('9','9','unfriended','2009-10-12 10:05:42','1997-01-18 00:29:14'),
('10','10','unfriended','1974-09-09 11:18:08','1998-07-02 13:06:18'),
('11','11','declined','1974-02-19 16:41:50','2001-09-20 07:32:43'),
('12','12','requested','1984-07-04 02:17:41','2019-03-14 16:24:01'),
('13','13','unfriended','2006-03-13 13:51:02','2002-09-21 23:33:31'),
('14','14','requested','1976-12-01 08:27:47','1985-09-26 13:28:29'),
('15','15','approved','1981-12-26 11:04:39','1997-08-19 23:49:08'),
('16','16','approved','1989-01-14 13:23:16','2009-02-28 15:49:05'),
('17','17','requested','2016-12-10 16:38:58','1984-03-11 17:39:50'),
('18','18','approved','2011-01-22 13:25:06','1977-02-25 10:44:07'),
('19','19','approved','2019-04-15 03:11:57','1974-04-29 01:23:41'),
('20','20','approved','1999-06-27 09:38:22','1972-02-09 03:53:17'),
('21','21','unfriended','1994-11-07 17:00:51','2018-10-24 07:48:47'),
('22','22','declined','2002-03-03 11:26:02','1975-08-15 20:16:49'),
('23','23','requested','1995-03-17 23:27:36','1974-11-04 00:51:46'),
('24','24','unfriended','1986-08-16 02:57:17','1975-12-07 10:55:12'),
('25','25','unfriended','1980-11-07 10:52:19','1997-08-21 13:57:51'),
('26','26','requested','1994-04-22 11:33:58','2015-12-27 15:24:38'),
('27','27','approved','2016-03-22 22:24:29','1993-03-20 07:45:42'),
('28','28','approved','1979-04-10 23:03:23','2000-07-18 10:24:32'),
('29','29','approved','2008-10-08 18:40:26','2000-08-22 12:08:19'),
('30','30','unfriended','1970-03-31 12:35:04','1983-05-23 14:39:17'),
('31','31','approved','1999-09-05 13:36:32','1991-11-02 00:20:39'),
('32','32','declined','1994-12-10 09:20:00','2011-02-08 23:55:17'),
('33','33','unfriended','2017-10-08 17:27:51','2000-02-26 01:28:58'),
('34','34','approved','2007-07-20 20:04:58','1975-03-20 08:34:10'),
('35','35','requested','2017-10-22 02:57:11','2014-08-18 10:15:15'),
('36','36','requested','1988-12-08 08:48:27','2019-01-06 11:25:13'),
('37','37','approved','1977-02-13 12:11:33','2005-11-29 18:48:08'),
('38','38','requested','1990-11-14 22:47:29','2000-12-21 22:15:59'),
('39','39','approved','1992-08-09 04:33:30','1981-01-30 04:16:32'),
('40','40','requested','1995-06-03 22:49:59','2000-02-15 09:37:18'),
('41','41','unfriended','1993-08-16 02:42:40','1980-06-09 11:38:30'),
('42','42','requested','1995-11-28 03:57:28','1995-04-19 15:19:50'),
('43','43','declined','1992-03-17 00:59:07','1996-01-14 15:37:58'),
('44','44','requested','2007-10-27 07:58:53','1980-06-24 19:35:14'),
('45','45','requested','2009-03-21 08:22:34','1991-05-26 06:06:31'),
('46','46','unfriended','2006-01-13 22:42:51','1979-08-02 19:25:24'),
('47','47','requested','2006-07-24 10:49:57','1996-03-28 01:57:01'),
('48','48','unfriended','1997-02-26 09:04:12','2014-10-21 17:47:28'),
('49','49','requested','1990-09-01 01:40:30','2003-04-15 04:02:41'),
('50','50','approved','1975-12-09 20:02:09','1998-05-10 07:34:39'),
('51','51','declined','2007-12-08 23:32:51','1972-10-08 17:05:40'),
('52','52','requested','2020-08-24 20:03:44','1985-07-16 20:43:25'),
('53','53','requested','1989-12-29 18:52:11','2005-10-01 09:21:38'),
('54','54','unfriended','1998-12-30 20:29:38','1994-10-21 18:24:15'),
('55','55','unfriended','2001-01-13 06:20:16','1999-06-27 16:51:04'),
('56','56','unfriended','1977-02-26 17:37:20','1976-04-14 10:44:41'),
('57','57','declined','2001-02-22 05:33:10','2002-09-21 14:36:22'),
('58','58','approved','1983-11-12 15:31:34','1987-08-06 02:21:42'),
('59','59','requested','2008-04-27 08:36:47','2015-07-03 05:29:28'),
('60','60','unfriended','2009-03-17 21:15:34','1973-08-02 10:35:55'),
('61','61','requested','1980-05-24 19:17:12','1973-03-31 22:38:51'),
('62','62','unfriended','1988-10-12 10:17:07','2000-12-29 08:21:56'),
('63','63','declined','2003-09-28 18:46:49','2019-06-23 21:06:44'),
('64','64','unfriended','1980-04-14 17:57:56','1977-06-08 07:50:50'),
('65','65','requested','2012-09-26 21:32:22','1997-11-07 21:31:15'),
('66','66','unfriended','1999-11-14 17:11:10','1978-03-06 16:45:04'),
('67','67','declined','2015-10-20 02:50:19','1991-03-30 16:48:02'),
('68','68','unfriended','2008-10-05 04:42:49','1971-12-26 10:36:38'),
('69','69','requested','2019-12-01 06:44:13','2014-09-10 16:33:29'),
('70','70','approved','2003-07-13 03:36:52','1989-10-17 01:22:48'),
('71','71','requested','2014-09-15 00:22:05','2015-08-28 06:34:48'),
('72','72','declined','2001-04-14 06:10:14','2020-05-19 15:29:02'),
('73','73','approved','1976-02-23 12:11:19','2018-01-07 00:07:04'),
('74','74','requested','1998-03-12 12:05:21','1993-05-17 09:21:49'),
('75','75','declined','2018-05-03 03:15:45','2012-05-22 19:56:46'),
('76','76','requested','1989-09-17 11:42:15','2004-11-21 01:58:28'),
('77','77','approved','1975-04-03 17:24:41','1977-10-28 19:18:22'),
('78','78','declined','1972-06-25 15:22:42','1971-02-25 19:34:01'),
('79','79','approved','1999-12-31 06:46:48','2019-10-15 04:57:18'),
('80','80','declined','1972-08-29 09:05:39','2000-03-08 15:11:04'),
('81','81','declined','1977-11-29 05:42:38','2005-08-27 14:23:35'),
('82','82','declined','2003-10-02 05:09:45','2019-02-27 17:09:13'),
('83','83','unfriended','2019-06-27 23:08:07','2003-02-16 06:03:13'),
('84','84','unfriended','1999-11-03 23:10:53','1971-05-02 15:19:24'),
('85','85','approved','1997-10-01 02:39:26','2016-11-29 17:23:22'),
('86','86','unfriended','2015-11-21 16:23:30','1983-09-09 12:56:01'),
('87','87','declined','1980-09-03 19:51:41','1974-01-20 20:57:45'),
('88','88','declined','2019-01-10 21:53:45','2002-02-13 09:31:25'),
('89','89','requested','2000-03-30 05:27:19','1995-01-24 22:52:15'),
('90','90','declined','1977-03-29 02:52:49','1985-05-04 00:11:34'),
('91','91','approved','2001-04-09 18:20:23','2013-04-16 02:11:40'),
('92','92','declined','1997-09-30 22:57:36','1993-10-10 16:49:42'),
('93','93','unfriended','1986-09-13 19:57:43','2013-03-07 08:09:43'),
('94','94','declined','1989-10-02 04:04:02','1992-07-05 09:45:13'),
('95','95','unfriended','1993-05-21 03:24:45','1988-11-08 12:36:53'),
('96','96','requested','1977-11-28 09:10:57','2017-11-13 00:20:23'),
('97','97','declined','2005-10-09 07:38:29','2003-04-25 22:04:34'),
('98','98','unfriended','2003-07-09 15:05:45','1980-10-10 19:38:29'),
('99','99','declined','1978-08-11 17:24:58','1995-02-13 21:37:02'),
('100','100','declined','1995-10-03 13:25:16','1974-11-26 09:35:20'); 


DROP TABLE IF EXISTS `likes`;
CREATE TABLE `likes` (
  `id` bigint(20) unsigned NOT NULL AUTO_INCREMENT,
  `user_id` bigint(20) unsigned NOT NULL,
  `media_id` bigint(20) unsigned NOT NULL,
  `created_at` datetime DEFAULT current_timestamp(),
  PRIMARY KEY (`id`),
  KEY `user_id` (`user_id`),
  KEY `media_id` (`media_id`),
  CONSTRAINT `likes_ibfk_1` FOREIGN KEY (`user_id`) REFERENCES `users` (`id`) ON DELETE CASCADE ON UPDATE CASCADE,
  CONSTRAINT `likes_ibfk_2` FOREIGN KEY (`media_id`) REFERENCES `media` (`id`) ON DELETE CASCADE ON UPDATE CASCADE
) ENGINE=InnoDB AUTO_INCREMENT=101 DEFAULT CHARSET=utf8 COLLATE=utf8_unicode_ci;

INSERT INTO `likes` VALUES ('1','1','1','1986-09-07 13:03:47'),
('2','2','2','1988-03-21 00:29:56'),
('3','3','3','1990-05-12 15:11:24'),
('4','4','4','1995-01-06 01:17:44'),
('5','5','5','2018-10-28 13:38:28'),
('6','6','6','1978-03-02 22:19:13'),
('7','7','7','1979-11-28 18:12:48'),
('8','8','8','1989-04-04 02:52:30'),
('9','9','9','2009-07-20 17:33:37'),
('10','10','10','2008-10-28 13:12:22'),
('11','11','11','1986-04-26 19:43:42'),
('12','12','12','1983-01-19 04:24:45'),
('13','13','13','1985-02-18 15:16:38'),
('14','14','14','1990-06-17 14:57:12'),
('15','15','15','1995-07-15 20:15:19'),
('16','16','16','2012-02-12 13:40:55'),
('17','17','17','1993-09-24 22:54:03'),
('18','18','18','2015-06-26 21:11:11'),
('19','19','19','2009-09-17 01:59:19'),
('20','20','20','2015-12-16 00:24:51'),
('21','21','21','1982-03-12 00:54:53'),
('22','22','22','2001-01-31 11:39:56'),
('23','23','23','1994-05-07 01:25:17'),
('24','24','24','2011-05-25 04:27:03'),
('25','25','25','2000-05-13 20:05:27'),
('26','26','26','1990-03-17 01:27:18'),
('27','27','27','1978-05-16 13:07:34'),
('28','28','28','2004-09-07 13:43:17'),
('29','29','29','2008-03-17 05:08:21'),
('30','30','30','1980-02-08 21:49:12'),
('31','31','31','1991-01-18 11:07:49'),
('32','32','32','2004-11-02 20:13:52'),
('33','33','33','1995-05-11 03:50:31'),
('34','34','34','1970-02-13 01:58:55'),
('35','35','35','1972-11-06 19:07:19'),
('36','36','36','1979-12-26 14:14:21'),
('37','37','37','1989-03-12 11:18:38'),
('38','38','38','2019-11-25 01:40:29'),
('39','39','39','2011-11-01 10:04:02'),
('40','40','40','1992-07-02 18:16:47'),
('41','41','41','1971-03-24 19:46:29'),
('42','42','42','1993-04-14 18:46:09'),
('43','43','43','1972-07-12 17:16:39'),
('44','44','44','2019-08-18 21:37:21'),
('45','45','45','2018-09-03 09:02:51'),
('46','46','46','1993-05-08 21:05:05'),
('47','47','47','2020-06-17 15:17:12'),
('48','48','48','1988-09-03 11:32:28'),
('49','49','49','1987-01-11 01:34:52'),
('50','50','50','1971-12-15 10:16:36'),
('51','51','51','1993-06-21 20:28:06'),
('52','52','52','1997-11-24 22:00:41'),
('53','53','53','1994-09-09 21:28:58'),
('54','54','54','1974-04-17 23:57:23'),
('55','55','55','1984-02-29 20:54:42'),
('56','56','56','1981-08-14 14:18:26'),
('57','57','57','1977-05-15 06:35:14'),
('58','58','58','1991-07-26 00:15:09'),
('59','59','59','2016-06-04 22:00:26'),
('60','60','60','2009-07-03 08:05:56'),
('61','61','61','1981-09-22 09:46:49'),
('62','62','62','1996-07-19 08:46:05'),
('63','63','63','1986-12-30 16:02:39'),
('64','64','64','1988-08-28 20:13:50'),
('65','65','65','1997-09-27 07:11:59'),
('66','66','66','1988-08-30 07:28:02'),
('67','67','67','1985-06-16 07:24:44'),
('68','68','68','2007-02-16 16:07:59'),
('69','69','69','1987-08-31 13:43:25'),
('70','70','70','1998-04-03 14:28:25'),
('71','71','71','1988-06-04 02:20:34'),
('72','72','72','1991-01-05 02:19:34'),
('73','73','73','2004-10-02 00:57:31'),
('74','74','74','2007-08-03 23:48:40'),
('75','75','75','1998-12-16 16:32:23'),
('76','76','76','1987-06-24 08:30:13'),
('77','77','77','1972-01-30 16:12:11'),
('78','78','78','1979-09-06 03:16:23'),
('79','79','79','1980-10-22 15:23:52'),
('80','80','80','2011-03-18 13:30:25'),
('81','81','81','1993-12-28 03:56:20'),
('82','82','82','2020-11-18 21:57:37'),
('83','83','83','1996-07-09 13:13:11'),
('84','84','84','1988-03-25 06:15:42'),
('85','85','85','2016-05-20 13:40:49'),
('86','86','86','1985-10-03 06:18:56'),
('87','87','87','1988-12-26 03:22:32'),
('88','88','88','1982-10-01 03:25:36'),
('89','89','89','2008-07-05 08:51:42'),
('90','90','90','2009-07-30 04:22:43'),
('91','91','91','1992-04-20 11:26:32'),
('92','92','92','1970-07-03 21:22:00'),
('93','93','93','1996-04-11 04:57:24'),
('94','94','94','1990-12-28 00:02:40'),
('95','95','95','2001-05-09 06:39:01'),
('96','96','96','2016-11-23 15:13:40'),
('97','97','97','1987-12-31 05:36:09'),
('98','98','98','1972-10-23 16:28:03'),
('99','99','99','2012-06-17 11:47:48'),
('100','100','100','1990-06-24 03:35:30'); 


DROP TABLE IF EXISTS `media`;
CREATE TABLE `media` (
  `id` bigint(20) unsigned NOT NULL AUTO_INCREMENT,
  `media_type_id` bigint(20) unsigned NOT NULL,
  `user_id` bigint(20) unsigned NOT NULL,
  `body` text COLLATE utf8_unicode_ci DEFAULT NULL,
  `filename` varchar(255) COLLATE utf8_unicode_ci DEFAULT NULL,
  `size` int(11) DEFAULT NULL,
  `metadata` longtext CHARACTER SET utf8mb4 COLLATE utf8mb4_bin DEFAULT NULL CHECK (json_valid(`metadata`)),
  `created_at` datetime DEFAULT current_timestamp(),
  `updated_at` datetime DEFAULT current_timestamp() ON UPDATE current_timestamp(),
  PRIMARY KEY (`id`),
  KEY `user_id` (`user_id`),
  KEY `media_type_id` (`media_type_id`),
  CONSTRAINT `media_ibfk_1` FOREIGN KEY (`user_id`) REFERENCES `users` (`id`) ON DELETE CASCADE ON UPDATE CASCADE,
  CONSTRAINT `media_ibfk_2` FOREIGN KEY (`media_type_id`) REFERENCES `media_types` (`id`) ON DELETE CASCADE ON UPDATE CASCADE
) ENGINE=InnoDB AUTO_INCREMENT=101 DEFAULT CHARSET=utf8 COLLATE=utf8_unicode_ci;

INSERT INTO `media` VALUES ('1','1','1','Dolores est nemo debitis unde. Debitis quia aliquid provident molestias qui autem nulla. Voluptate perspiciatis saepe recusandae dolor quibusdam laudantium. Laboriosam eos ipsa debitis incidunt quae.','reiciendis','5',NULL,'1995-10-28 00:26:54','2018-09-05 02:39:27'),
('2','2','2','Cupiditate tenetur natus sit voluptas facilis qui fugiat. Voluptate placeat quia saepe ea quaerat est illum. Molestiae inventore ducimus nihil eligendi. Nulla ad ut consequuntur doloremque.','voluptatem','5723',NULL,'2000-09-16 16:30:59','1986-12-12 15:43:18'),
('3','3','3','Porro tenetur non et quam recusandae velit. Deserunt aperiam sint in quisquam et. Voluptas porro aliquam ea iusto.','non','662764',NULL,'1982-12-09 07:37:39','1975-11-16 09:15:17'),
('4','4','4','Reprehenderit fugiat nihil vitae qui odit totam. Occaecati rerum esse optio iste autem.','corporis','36410',NULL,'2001-06-25 23:13:15','1976-10-07 10:23:55'),
('5','5','5','Et sunt qui nam nihil qui molestiae. Culpa odit eligendi omnis provident et quos. Et eligendi aliquid ratione quia.','consequatur','149923451',NULL,'2019-06-05 06:29:28','2019-03-17 15:22:06'),
('6','6','6','Quam voluptate autem laboriosam laudantium non voluptatum aut. Hic voluptas et optio facilis est dolorum illo. Quos quibusdam eos quia labore ab animi id voluptates. Quas voluptatem explicabo delectus quis repellat. Qui nulla repudiandae inventore.','consequatur','9856',NULL,'1975-08-06 04:13:38','1978-05-11 05:33:19'),
('7','7','7','Eum soluta veniam voluptatibus sed dolorem quia. Hic eos eum nostrum facere veritatis at rerum dignissimos. Pariatur modi quia ea explicabo alias qui. Earum voluptatem sit non enim.','nihil','3599586',NULL,'1971-01-27 12:29:13','1985-12-06 07:29:54'),
('8','8','8','Voluptatem magnam soluta porro. Aut reprehenderit enim suscipit odit ea. Repudiandae impedit ut impedit minima voluptatem.','voluptate','38',NULL,'1991-06-18 01:46:48','2011-12-22 12:52:55'),
('9','9','9','Commodi expedita autem voluptatem voluptatibus temporibus dolor labore. Aut ipsum necessitatibus aut sunt sint. Assumenda reiciendis ea qui aut et qui. Aspernatur distinctio perspiciatis non at voluptas sint ut.','tempora','322228',NULL,'1999-06-04 20:21:16','1978-09-20 11:47:23'),
('10','10','10','Est esse dolorum qui autem fugiat aut hic. Quam ea qui ab harum voluptatem sed. Nihil quod quia quis ut vitae veniam. Iure dolor velit molestiae odio culpa recusandae.','ducimus','619787647',NULL,'1971-07-24 16:24:03','1986-09-20 14:46:15'),
('11','11','11','Fugit quibusdam quam et aspernatur dignissimos nihil aut. Amet exercitationem ad omnis est sint eaque. Quasi iste eligendi cum eos ipsam beatae ratione. Vero at sint quis est quis.','dolore','0',NULL,'2005-01-29 07:54:27','2011-06-17 08:48:55'),
('12','12','12','Mollitia dolorum laudantium voluptas saepe. Minus ex repudiandae alias et. Molestias quia est optio voluptatem. Architecto ut minus magni est minus modi. In amet qui perferendis aut facilis.','aut','4357288',NULL,'2016-08-02 04:52:14','1972-03-30 13:56:01'),
('13','13','13','Veniam eveniet similique itaque ut ducimus similique qui. Cumque nihil perspiciatis dolores. Eveniet dolor sit doloribus sit. A quos eius asperiores voluptates minima dicta quae.','eum','9373',NULL,'2019-11-16 18:01:26','1995-12-19 13:27:36'),
('14','14','14','Voluptatem officia qui placeat doloribus nihil iusto. Et quis non aut ullam in qui ea. Omnis aut commodi a cupiditate.','rem','43052951',NULL,'1987-03-22 06:32:09','1980-07-10 15:24:45'),
('15','15','15','Ipsa sit quod qui vel nihil tenetur explicabo. Et deserunt dicta ut quia culpa. Non velit esse rem beatae dolorem odio repellat maxime. Totam neque eius qui commodi quam.','dolorem','609361',NULL,'1970-12-12 08:30:48','1990-12-25 13:44:04'),
('16','16','16','Ullam et est id aut. Corrupti et dolores et voluptatem sit eum. Placeat incidunt earum suscipit sapiente quisquam nesciunt.','fugit','51',NULL,'2001-01-03 22:34:14','2007-01-23 01:56:42'),
('17','17','17','Repudiandae itaque voluptate eaque similique ipsam autem est. Deleniti voluptatem in aut consequatur ea expedita qui unde. Non sunt aut veniam praesentium autem voluptates.','ut','7765',NULL,'1976-06-28 21:42:02','2018-10-05 18:38:42'),
('18','18','18','Rerum doloremque omnis perferendis exercitationem modi accusamus numquam. Officia ut doloremque dignissimos ut quia. Officiis expedita explicabo repudiandae est id. Laudantium dignissimos numquam accusamus et perferendis sunt et.','dolor','3350555',NULL,'2018-11-18 14:04:17','1984-12-31 22:02:55'),
('19','19','19','Alias non laboriosam nemo sunt dolores earum in. Sequi et aut quidem fugit. Aut distinctio consectetur non rerum ea sed tenetur. Quam tempore a accusantium qui id.','laudantium','869',NULL,'1975-09-11 00:28:12','1981-09-23 19:04:21'),
('20','20','20','Est ut amet necessitatibus cupiditate accusantium. Natus omnis et necessitatibus fugit minima enim ut. Hic unde atque commodi voluptatibus laboriosam. Non iste ut ducimus.','et','231',NULL,'1992-02-16 20:12:43','2001-08-14 10:24:35'),
('21','21','21','Optio et temporibus amet unde saepe. Iste fuga vel eos. Aut et nihil ullam possimus sed commodi. Quia et sed quo tenetur iusto laudantium quos sit.','in','6083747',NULL,'2000-05-23 12:09:30','1997-12-18 10:07:54'),
('22','22','22','Corrupti animi ut natus enim voluptatem est cupiditate. Consequatur sit magnam accusamus dolore minus. Aut totam alias quo velit sed consequatur aut. Omnis recusandae odio illum illo similique odit.','et','13',NULL,'2013-06-13 16:42:53','2000-03-27 05:46:16'),
('23','23','23','Qui a laborum consequatur. Quo fugiat molestias et fugiat. Voluptatem amet eius ut sint. Ipsum explicabo est dolorem maxime ratione ut.','molestias','0',NULL,'1971-04-20 07:49:05','2019-11-04 02:54:20'),
('24','24','24','Dicta magnam voluptatem numquam qui cum voluptatum autem. Distinctio architecto repudiandae perspiciatis ea. Ab dolorem nihil maiores sapiente qui quibusdam at. Alias ex perferendis suscipit nisi aut voluptatem. Cupiditate facere iure facilis sed vel tenetur quisquam.','et','816451837',NULL,'1985-04-16 11:30:04','2004-11-05 16:59:15'),
('25','25','25','Magni sequi iste officia. Quo maiores sit recusandae autem voluptatum mollitia repudiandae quam. Eius omnis ex delectus consectetur.','vitae','309989515',NULL,'1997-06-28 17:52:54','1978-09-15 04:09:15'),
('26','26','26','Blanditiis qui in voluptatem error. Magni tempora debitis nostrum accusamus occaecati.','temporibus','159107403',NULL,'2009-02-17 17:17:22','1999-03-02 21:02:53'),
('27','27','27','Reiciendis voluptas dolores eligendi et quae ipsam quod. Laborum iure totam consequatur tempora facere quo nobis. Culpa asperiores molestiae enim qui quibusdam laudantium quis.','corporis','580911306',NULL,'1986-07-06 16:17:45','2001-02-24 18:26:51'),
('28','28','28','Occaecati magni dolorem consequatur pariatur odio libero rerum. Repellendus veniam et magnam quam vel laudantium. Quos mollitia nobis voluptas. Modi deleniti labore fugit impedit sint.','saepe','34126273',NULL,'1973-04-05 14:34:38','1978-02-03 22:18:55'),
('29','29','29','Vel eum odio consequuntur explicabo facere corporis. Vel qui dolorum consectetur dolores id rerum quam ullam. Fugit assumenda architecto quia quibusdam voluptatem.','et','0',NULL,'1981-10-23 02:43:26','2000-07-16 15:46:43'),
('30','30','30','Minima ut assumenda quia voluptatibus non minus voluptas. Ipsa aut est velit est. Ullam illum itaque earum facilis quia nulla.','nemo','317638',NULL,'2019-05-01 00:47:17','1981-07-25 18:30:46'),
('31','31','31','Nobis dolorem laudantium perspiciatis repudiandae voluptatem ducimus soluta optio. Voluptatem aperiam enim deserunt unde reiciendis. Veniam dolor maxime doloribus libero debitis quia. Molestias quis et totam praesentium cupiditate vel qui qui.','earum','3',NULL,'2010-11-17 07:18:46','2007-07-09 12:09:03'),
('32','32','32','Ab totam consequuntur necessitatibus recusandae maxime numquam. Est facere fugit at. Dolore illo libero architecto impedit harum quibusdam.','odit','0',NULL,'2001-11-16 08:22:08','2005-09-01 07:05:51'),
('33','33','33','Et fugit eaque officia eligendi iste vero. Eaque nulla nulla impedit temporibus assumenda et omnis earum. Et explicabo ad enim fugit dignissimos iusto minus dolorum.','sed','822',NULL,'2004-05-12 05:17:19','2007-04-04 05:54:40'),
('34','34','34','Et accusamus amet eos consequatur sequi ut. Aliquid sed eos quo qui et.','dolor','658',NULL,'1990-09-09 17:50:29','1991-10-15 19:51:48'),
('35','35','35','Eligendi consequuntur facere molestias tempore repellendus qui a. Dolor dolores aut officia est delectus vitae odit. Mollitia voluptate quis distinctio. Rerum enim ducimus accusantium quia.','enim','47',NULL,'1988-11-25 09:36:33','2019-04-16 17:42:48'),
('36','36','36','Consequatur esse perspiciatis beatae provident iste. Tempora quaerat alias itaque facilis sit. Illum pariatur omnis debitis est non. Quisquam qui voluptas voluptatem dicta fugit autem optio.','est','3604',NULL,'2014-09-22 23:51:36','1988-11-26 12:46:04'),
('37','37','37','Id tempora non commodi inventore ipsam exercitationem. Consequatur vel ipsum voluptate consequatur dignissimos. Rerum perspiciatis magni qui numquam aliquam sit nihil.','voluptatem','18',NULL,'1974-06-07 10:33:13','1987-01-11 16:11:49'),
('38','38','38','Rem excepturi sequi vitae. Vitae a illo facere. Labore voluptate dolorem culpa debitis dolor.','et','0',NULL,'2020-04-14 21:55:07','1978-12-09 03:19:06'),
('39','39','39','Numquam assumenda aperiam dicta numquam ipsa facilis aliquid. Impedit quia voluptatum et deserunt repellendus fuga. Quo odit dolor ut et repellat aut. Facilis et cumque qui unde debitis maxime.','debitis','0',NULL,'1993-07-05 20:17:46','1991-03-11 14:42:08'),
('40','40','40','Aut hic magni ab aut enim delectus. Amet et et est. Modi libero illo perspiciatis sed voluptas perspiciatis repudiandae.','dolore','26852',NULL,'2019-05-17 15:15:35','1996-04-19 02:18:57'),
('41','41','41','Eligendi aut veritatis voluptas fuga. Repudiandae adipisci sit rerum sed et.','soluta','6589',NULL,'2010-07-05 13:48:44','1990-03-21 12:21:37'),
('42','42','42','Ut eligendi aut unde nobis. Tenetur aut quia qui in. Provident esse cumque sunt id quia et et.','minus','17',NULL,'1984-06-06 03:50:29','1992-09-06 15:51:46'),
('43','43','43','Sapiente voluptate at eum. Quo et et iste animi. Itaque expedita non qui iste doloribus ratione. Natus voluptas officiis similique dolorum perferendis nulla eos tempore.','impedit','5723',NULL,'1995-06-22 04:49:44','2003-02-28 01:25:54'),
('44','44','44','Non pariatur minus et aut sed. Sequi suscipit exercitationem a molestiae ut. A voluptates quasi voluptate cumque.','voluptas','3891778',NULL,'1994-12-28 12:32:28','1980-05-11 22:22:12'),
('45','45','45','Aperiam eos mollitia officia. Praesentium ut pariatur natus aliquid non cupiditate perspiciatis temporibus.','omnis','2',NULL,'1980-07-28 15:57:46','2015-03-27 01:04:22'),
('46','46','46','Odio in sint nam rerum voluptates. Et sit sit veritatis.','consequuntur','99976716',NULL,'2008-10-28 14:18:58','2003-12-01 16:41:19'),
('47','47','47','Odit eos sint fuga ut id. Numquam in dolor sit facilis exercitationem enim eveniet. Modi fugiat et magni doloribus est.','consequatur','51753491',NULL,'1970-05-18 06:58:44','2009-07-07 12:28:42'),
('48','48','48','Ut ut deleniti voluptas. Quis aperiam quo harum inventore earum corporis consequatur molestias. Similique consequatur maiores illo et ut. Dicta cum deserunt veniam autem est eligendi consequatur ea. Quos iste corrupti alias vero voluptates vitae.','quos','19783442',NULL,'1987-09-22 07:38:24','2012-05-18 05:55:48'),
('49','49','49','Autem necessitatibus accusamus assumenda cupiditate vero sed possimus quia. Est qui illum est provident eaque. Id facere accusamus officiis qui veniam voluptas consequuntur.','illum','771752',NULL,'1992-03-04 04:52:33','2020-08-24 19:30:48'),
('50','50','50','Excepturi labore voluptatibus consequatur libero illum voluptatibus quo quia. Est magnam veniam et delectus ipsam. Facilis rerum voluptas nihil repellat.','minus','191250377',NULL,'1978-02-05 16:16:05','2019-11-04 03:31:41'),
('51','51','51','Molestias sequi rerum suscipit natus nisi. Laudantium ipsa atque tempore sit possimus. Sint deserunt ab aliquid eaque. Velit aspernatur qui quis sint officia.','laboriosam','52',NULL,'2001-11-29 04:23:30','2009-12-23 07:15:52'),
('52','52','52','Aut est optio reiciendis. Repudiandae exercitationem facere quia deleniti et occaecati est.','commodi','1957773',NULL,'2004-09-11 16:32:44','2004-11-14 10:42:24'),
('53','53','53','Ut magnam veniam et ut suscipit. Labore perferendis aut occaecati eligendi et. Corrupti quia omnis dicta reprehenderit optio neque molestiae. Dolor id fugiat repellendus dolorem qui accusantium maiores.','quo','658038076',NULL,'1977-07-23 13:58:00','2009-02-26 09:17:20'),
('54','54','54','Est id rerum perspiciatis sint iusto at et. Ut iusto sit labore id optio velit. Saepe dolores dolor impedit facere. Quae cumque eveniet aspernatur adipisci vel perspiciatis deserunt.','dolores','28395',NULL,'1983-02-28 13:05:09','1981-06-03 06:42:47'),
('55','55','55','Quisquam sint natus optio qui. Et dolor eum dolores id excepturi. Voluptatibus consectetur rerum sit id sit dolorem asperiores.','totam','15924332',NULL,'1991-10-17 12:24:19','1999-09-12 14:36:35'),
('56','56','56','Sunt porro voluptates nobis quia. Recusandae debitis quibusdam commodi numquam consectetur inventore. Odio unde dolor pariatur voluptatibus enim est reiciendis.','tenetur','2625',NULL,'1996-08-31 22:16:16','1994-03-09 23:07:37'),
('57','57','57','Dolorem sequi reiciendis dolorum eos. Sed voluptatem voluptas ab consectetur neque fugiat inventore. Ipsam molestiae sunt velit rem ad mollitia aspernatur dignissimos.','rerum','22',NULL,'1976-04-14 00:59:51','1991-07-08 07:40:29'),
('58','58','58','Eaque aut omnis officiis possimus eum sequi quos. Quibusdam quo omnis aut. Consequatur iusto harum hic consectetur est et molestiae. Tempore impedit consequatur temporibus eos ut maxime repellat. Sit error est deleniti quae quo.','quisquam','32665',NULL,'1985-08-23 11:33:34','1980-07-05 12:27:59'),
('59','59','59','Facere cumque labore expedita quis in sit. Corrupti unde qui voluptatem facere quis quis cupiditate. Assumenda architecto a quis velit officiis.','deleniti','821323389',NULL,'1970-04-22 22:05:13','2007-08-28 15:15:34'),
('60','60','60','Voluptatem et velit non quo. Aut mollitia tempore modi et. Rerum dolore aut maxime alias est nihil.','voluptas','86',NULL,'1988-12-28 02:52:08','1984-01-28 21:29:25'),
('61','61','61','Odit nostrum et aut laboriosam esse beatae quo. Aut cumque iusto esse delectus quis et sit qui. Nemo porro dolorem id doloremque ut. Doloribus qui doloribus aliquid sit voluptatem vel maxime.','vero','10',NULL,'1993-07-01 14:05:34','1974-12-24 14:01:15'),
('62','62','62','Dolor magnam quae tempore non dignissimos maxime. Magnam repudiandae eum expedita facere enim. Perspiciatis distinctio aliquid aspernatur omnis. At expedita commodi quasi laboriosam nobis.','odio','8',NULL,'2009-06-29 05:53:57','1971-08-13 19:02:36'),
('63','63','63','Molestiae nemo ullam asperiores aspernatur ut saepe nobis. Tempore sit quidem nihil aliquid vel. Blanditiis et expedita quo nihil ea. Corrupti cum quia molestias autem eaque suscipit.','expedita','6',NULL,'2006-01-17 11:42:59','1995-12-21 10:52:13'),
('64','64','64','Optio dicta enim in ullam et non tenetur. Sunt illo ducimus est eum at optio non. Ratione nostrum inventore voluptatem maxime dolores officia. Tempore nostrum et velit molestiae asperiores neque qui.','omnis','94092513',NULL,'1999-08-18 07:19:22','1970-01-31 18:55:01'),
('65','65','65','Exercitationem et iste temporibus recusandae est. Quisquam asperiores aperiam voluptas. Quia sit facilis fuga dolor adipisci velit dolore.','omnis','20016',NULL,'2005-10-13 21:12:14','2008-05-08 02:00:27'),
('66','66','66','Et unde placeat nobis sapiente asperiores. Incidunt rerum ab non nisi voluptas nihil. Aut facere sed omnis dicta. Quaerat laborum ad ratione et est.','consequatur','2586',NULL,'1983-12-17 07:31:46','1986-04-23 07:40:47'),
('67','67','67','Ipsa impedit cumque adipisci sint. Similique odio placeat vitae deleniti.','commodi','109',NULL,'2002-06-20 16:54:08','2004-06-26 05:09:07'),
('68','68','68','Maiores provident nesciunt maxime asperiores sit distinctio. Laudantium aliquam ipsum et. Animi maxime quia et enim eum beatae.','quia','0',NULL,'1998-10-16 18:00:08','2019-01-18 16:19:42'),
('69','69','69','Aut non neque consectetur ut et. Qui sapiente et at sed voluptas earum. Qui quia quaerat labore officia quibusdam corrupti soluta.','enim','23645013',NULL,'1976-03-20 15:20:01','1989-12-17 00:55:29'),
('70','70','70','Earum dicta est consequuntur eius et qui tempore eius. Itaque reprehenderit in non quisquam nisi placeat et doloremque.','aut','70424471',NULL,'2013-12-20 01:25:12','1995-11-06 14:27:25'),
('71','71','71','Deleniti ad laboriosam aliquid eos blanditiis rerum voluptas quas. Aut tenetur et totam alias. Repudiandae quos sed non earum tempore rerum rerum. Dolorem similique voluptatibus rerum qui placeat vel sunt.','provident','69277068',NULL,'1995-10-17 12:43:47','2009-07-08 07:37:38'),
('72','72','72','Voluptatem architecto exercitationem voluptatum ratione aut et. Aut dicta rerum enim quo. Odit totam sapiente labore.','qui','630',NULL,'2013-05-25 17:03:44','1985-05-02 19:32:50'),
('73','73','73','Et animi sit cumque sint mollitia quasi et excepturi. Ex quos sit dolores laborum reprehenderit nesciunt excepturi. Ratione numquam aut perferendis. Hic dolore aliquam qui perferendis voluptate eius omnis.','dolorem','6',NULL,'1982-12-05 19:13:58','2013-04-30 14:21:22'),
('74','74','74','Praesentium autem deserunt cumque reprehenderit esse est. Illo porro voluptas sint corrupti soluta maiores vel. Quasi ab porro quia facere delectus.','perferendis','60',NULL,'2000-03-07 14:55:29','1979-03-30 10:04:57'),
('75','75','75','Qui ad aut et expedita ut. Et similique ut totam aut. Quos doloremque aut omnis reprehenderit enim dolorum. Molestiae eius aut pariatur impedit corrupti.','veritatis','28',NULL,'1978-09-09 05:44:48','2001-06-09 03:22:15'),
('76','76','76','Iste aspernatur dolorum sunt maxime veniam veritatis. Eveniet error nemo natus sequi sunt. Quod id nobis officiis voluptatum quos laudantium beatae. Temporibus repudiandae iure vel rerum voluptatibus exercitationem.','illum','5618881',NULL,'2014-07-18 16:11:45','1971-12-21 16:39:06'),
('77','77','77','Impedit doloribus quasi culpa ullam numquam. Voluptas non in porro libero sint minus.','pariatur','49545040',NULL,'2007-08-12 00:06:50','1993-09-09 19:31:36'),
('78','78','78','Illo eos id eos eos ducimus perferendis. Amet rem consequuntur est. Consectetur iusto blanditiis a rerum vitae. Et dolor et perferendis quidem excepturi facere omnis.','dolores','50529587',NULL,'1974-02-01 18:44:26','2008-12-12 00:08:08'),
('79','79','79','Necessitatibus dolores repudiandae ullam est ipsa mollitia. Qui neque iusto totam cum voluptatem recusandae inventore. Et velit in adipisci laudantium rerum.','voluptatem','425095958',NULL,'1980-03-19 03:57:16','2010-06-28 08:51:45'),
('80','80','80','Voluptatem quia quia et corporis qui sunt. Qui quis quaerat perspiciatis ut quo ipsum aperiam. Tempora ad temporibus consequuntur sint.','occaecati','0',NULL,'1988-08-13 19:46:09','1977-05-26 21:23:58'),
('81','81','81','Amet voluptatibus asperiores sapiente. Hic dolorem impedit quia cum nostrum. Deserunt quo in nostrum id nisi ex.','sed','5237385',NULL,'1999-06-05 21:05:00','1993-05-08 01:57:47'),
('82','82','82','Molestiae consequatur voluptates sint maxime. Autem culpa soluta eum. Nisi quod consequatur nam consequatur debitis.','voluptatem','0',NULL,'1986-09-21 16:54:17','1989-08-08 14:50:48'),
('83','83','83','Autem omnis fugiat dolores et officia. Dignissimos iure aut eligendi sunt exercitationem in vel. Reprehenderit non impedit corrupti saepe.','ut','0',NULL,'1990-10-10 17:45:34','1976-06-15 13:09:22'),
('84','84','84','Libero soluta consequuntur praesentium minima possimus non. Sunt ad nobis placeat molestias sed aut. Expedita omnis consequatur reprehenderit cum ullam. Sapiente ducimus eius sunt natus et eos nihil. Aut sint libero nihil.','et','3582',NULL,'1989-06-17 09:02:15','1990-07-11 20:30:57'),
('85','85','85','Laborum quae excepturi unde debitis dolores dolorem. Eum ea nulla voluptate consequatur ratione laborum laborum. Qui soluta soluta nihil consequatur et distinctio. Officia repellendus aut modi aspernatur repudiandae quisquam numquam placeat.','dolorem','2703631',NULL,'1988-08-12 08:17:24','1996-10-01 14:48:11'),
('86','86','86','Esse quis qui rem molestiae est et rerum. Quasi dolores recusandae sit consequatur illo quas. Voluptatum sint inventore minima ullam aliquid.','reiciendis','16585892',NULL,'1983-06-09 01:43:37','2012-06-27 23:42:13'),
('87','87','87','Minus impedit est consequuntur ut voluptatem ullam veniam. Perferendis vel tenetur quidem animi. Voluptas aut aut quo.','eos','577683',NULL,'2016-09-15 07:08:48','1977-11-13 13:39:33'),
('88','88','88','Est ut earum neque autem dolorem. Rerum repellat laudantium eos expedita. Modi consectetur consequuntur quaerat odit. Ducimus ratione pariatur dolores dolor.','magnam','379',NULL,'1985-08-14 20:48:43','2006-09-01 23:59:16'),
('89','89','89','Dolore error nam iste inventore ducimus temporibus consequatur. Soluta qui natus occaecati. Nobis optio quibusdam et quasi enim.','saepe','158598716',NULL,'1993-06-01 15:06:36','2008-03-25 13:48:33'),
('90','90','90','Qui sit eos sunt possimus. Nobis doloremque ratione architecto est mollitia molestias sed. Modi ea est qui qui ut. Rerum alias aut quibusdam aperiam porro libero voluptatem.','veritatis','742543',NULL,'1985-11-18 13:02:59','1994-06-29 20:51:45'),
('91','91','91','Magni qui esse accusantium. Nemo quod alias aut error quos eveniet. Architecto quia et rerum enim rerum.','quia','6481781',NULL,'2003-04-08 03:28:27','2001-09-13 06:56:38'),
('92','92','92','Dolorem et ut commodi eveniet ducimus ut tenetur. Qui ut numquam dolor. Est unde quisquam dolores aut et quos qui.','quis','426145123',NULL,'1990-04-13 17:42:47','1971-09-01 12:07:33'),
('93','93','93','Dolorum doloremque nesciunt aut aut quis distinctio. Sit possimus voluptatem aut asperiores quo aut. Qui eum nulla voluptate voluptas occaecati voluptatem consequatur.','numquam','5',NULL,'2009-07-13 16:32:50','2002-02-25 04:01:18'),
('94','94','94','Repellat iure voluptate libero quis mollitia quia ea. Qui sit rerum consectetur aut atque dolores voluptatem. Tempora saepe excepturi nulla quidem debitis in.','ea','0',NULL,'1987-04-16 13:25:23','1981-08-02 00:16:34'),
('95','95','95','Eos voluptas dolorem ducimus et. Et aut est nam ut. Est nulla recusandae laborum inventore nesciunt. Qui est nam unde a et.','tempore','4584763',NULL,'2014-12-26 02:31:32','2002-11-05 03:50:29'),
('96','96','96','Architecto possimus impedit molestias. Aliquam sed quam id voluptas quo. Optio aliquid asperiores excepturi quod minus tenetur.','voluptate','59123675',NULL,'1982-06-05 15:36:20','2004-06-23 05:09:35'),
('97','97','97','Quod quos sit aut consequatur et vel est voluptas. Ea nihil corporis accusantium et fugiat voluptatem natus. Corrupti velit vel rem et voluptatem dolorem ipsam. At tempora esse natus sequi debitis.','numquam','5',NULL,'2011-08-23 23:46:18','1984-06-18 15:39:02'),
('98','98','98','Ex eligendi qui sunt nihil voluptatibus quis autem cum. Beatae dolorem ducimus sit. Ipsa expedita quibusdam numquam molestiae.','provident','88413',NULL,'1995-01-15 09:17:24','2013-03-05 02:51:02'),
('99','99','99','Illo nemo ut eligendi fugit non sed error aliquid. Nostrum dolorum sed error sint et a iusto. Eos blanditiis quas nihil et qui. Quo reiciendis velit vero eaque hic est eaque nihil.','quaerat','0',NULL,'1974-07-20 14:07:03','2017-04-23 10:03:26'),
('100','100','100','Praesentium est aliquid rerum at tenetur suscipit veniam. Sint quo explicabo excepturi qui aut perspiciatis. Voluptas et expedita quia delectus. Fugiat ea ullam aliquam corporis ipsa.','id','11',NULL,'1998-01-04 18:36:13','1992-04-10 09:30:11'); 


DROP TABLE IF EXISTS `media_types`;
CREATE TABLE `media_types` (
  `id` bigint(20) unsigned NOT NULL AUTO_INCREMENT,
  `name` varchar(255) COLLATE utf8_unicode_ci DEFAULT NULL,
  `created_at` datetime DEFAULT current_timestamp(),
  `updated_at` datetime DEFAULT current_timestamp() ON UPDATE current_timestamp(),
  PRIMARY KEY (`id`)
) ENGINE=InnoDB AUTO_INCREMENT=101 DEFAULT CHARSET=utf8 COLLATE=utf8_unicode_ci;

INSERT INTO `media_types` VALUES ('1','et','1978-09-30 13:25:16','1978-01-30 15:23:56'),
('2','mollitia','1998-11-16 20:38:33','1975-07-16 23:33:10'),
('3','expedita','2003-08-22 02:14:10','2004-07-20 00:36:44'),
('4','nam','2010-07-07 00:24:24','1973-04-18 21:38:45'),
('5','temporibus','1978-12-30 23:24:27','1974-06-23 11:09:26'),
('6','ut','1971-12-08 00:26:13','2006-11-09 02:05:46'),
('7','optio','1971-08-05 07:17:12','1997-09-03 19:15:42'),
('8','aperiam','1971-05-13 11:58:19','1988-05-26 08:29:24'),
('9','dolorem','2001-09-18 17:36:35','1984-10-20 10:07:48'),
('10','quaerat','2005-12-30 15:39:42','2012-06-08 06:55:33'),
('11','fugit','1985-09-07 03:29:56','2018-09-21 07:50:59'),
('12','recusandae','2020-02-03 03:55:15','1980-06-19 17:22:56'),
('13','fuga','1990-02-12 03:28:34','2008-01-08 17:06:28'),
('14','labore','2004-05-16 16:02:44','2008-06-28 09:58:23'),
('15','libero','2012-07-20 19:56:49','1993-03-26 03:09:41'),
('16','consequuntur','1978-10-27 17:30:03','1997-02-26 09:58:23'),
('17','amet','2015-08-29 06:22:42','1970-03-07 04:16:14'),
('18','pariatur','1973-02-11 05:05:47','2001-09-30 16:51:45'),
('19','et','1974-10-05 15:38:53','1987-07-05 21:33:06'),
('20','magnam','2000-02-13 01:16:58','1978-07-01 09:12:53'),
('21','vel','1971-12-12 01:46:59','2017-09-22 15:36:09'),
('22','et','2019-12-22 08:05:52','2008-05-08 09:22:23'),
('23','veniam','1984-03-07 08:17:30','1990-05-12 21:44:55'),
('24','accusantium','1977-10-06 08:05:13','2000-01-07 14:52:39'),
('25','iusto','1978-05-07 16:12:13','2002-04-16 15:01:02'),
('26','modi','1984-03-25 23:05:43','1973-01-15 00:42:37'),
('27','ea','1984-05-17 06:15:57','1976-10-19 08:30:48'),
('28','expedita','1971-08-21 05:44:26','1980-02-24 14:59:42'),
('29','vero','1994-01-23 07:26:23','1980-05-11 01:57:12'),
('30','est','2008-10-31 21:14:08','1980-05-05 00:28:41'),
('31','assumenda','1996-10-19 12:06:37','1972-11-20 13:31:30'),
('32','id','2002-04-05 02:46:14','2003-02-13 04:49:34'),
('33','at','2006-03-11 21:15:35','2002-01-22 21:34:46'),
('34','aut','1987-09-11 03:11:18','1988-04-03 05:09:47'),
('35','dolor','2006-10-01 20:50:11','1993-07-27 19:56:33'),
('36','voluptatem','1977-07-31 10:07:12','1972-12-25 14:44:54'),
('37','consequatur','1986-09-12 16:59:27','1992-05-09 14:35:38'),
('38','non','1986-02-20 02:10:48','1986-08-29 22:39:00'),
('39','quo','2019-06-16 22:45:02','1973-03-15 06:11:45'),
('40','asperiores','2020-05-30 07:13:35','1997-10-25 15:26:13'),
('41','fugit','1992-02-29 16:42:48','2011-05-01 10:03:32'),
('42','est','1994-06-17 09:39:57','1983-08-31 10:28:23'),
('43','ullam','1999-09-22 02:06:34','2006-03-08 15:27:10'),
('44','pariatur','1979-10-06 01:18:18','1984-07-18 21:53:10'),
('45','rerum','1972-12-01 23:04:03','2015-01-20 20:16:00'),
('46','ut','1984-09-07 17:03:29','1973-04-07 00:47:47'),
('47','aut','1996-05-01 11:07:03','1994-09-01 13:09:00'),
('48','deserunt','2020-12-07 16:27:55','1997-10-04 16:43:41'),
('49','et','2014-01-22 16:59:49','1978-08-26 17:42:32'),
('50','doloribus','1989-09-11 01:11:11','2018-07-12 06:38:25'),
('51','non','2003-01-28 06:55:23','1979-11-01 05:12:46'),
('52','quam','2017-08-08 06:22:29','1976-07-05 22:27:01'),
('53','natus','2015-10-14 23:19:18','1992-06-10 15:30:45'),
('54','totam','2020-12-01 22:56:57','1984-04-26 23:44:54'),
('55','distinctio','1999-12-29 08:55:46','2008-07-27 12:20:54'),
('56','harum','2011-08-13 07:56:32','2014-09-04 07:52:07'),
('57','voluptas','1993-09-29 19:14:17','2002-12-22 05:26:01'),
('58','labore','1991-11-17 01:27:38','2006-07-29 10:00:28'),
('59','harum','1993-01-10 17:26:15','1982-08-21 03:38:53'),
('60','voluptatum','2014-06-14 06:36:47','2016-10-20 04:07:52'),
('61','libero','2010-12-06 03:03:41','1990-01-01 22:39:36'),
('62','soluta','1974-07-12 22:15:50','1970-09-24 01:07:08'),
('63','quam','1973-06-30 22:52:23','1978-09-18 14:17:30'),
('64','voluptatibus','1997-01-23 16:41:21','2016-09-28 13:26:36'),
('65','nihil','2020-11-07 06:41:46','1979-12-03 09:10:48'),
('66','aut','2019-01-18 16:01:25','1997-06-06 08:27:29'),
('67','eum','2001-08-24 14:19:45','1979-03-15 21:43:26'),
('68','voluptatem','1994-09-21 14:32:15','1983-08-15 00:05:51'),
('69','labore','2004-11-27 19:20:45','1974-03-13 06:23:23'),
('70','aliquid','1999-01-04 18:36:12','1992-06-29 15:33:42'),
('71','sed','2016-08-28 05:57:26','1972-03-30 08:04:28'),
('72','autem','1972-07-27 18:55:23','1981-08-22 22:51:42'),
('73','occaecati','1986-12-06 19:16:14','2015-02-24 22:49:19'),
('74','perferendis','1972-08-11 20:35:29','1989-09-25 09:03:12'),
('75','quo','2009-11-11 20:41:11','1981-11-26 15:41:13'),
('76','optio','1975-08-24 21:17:59','1976-08-08 16:11:39'),
('77','tempore','1993-12-25 04:54:15','1989-01-29 16:26:37'),
('78','qui','1986-12-15 07:56:35','1989-10-12 06:47:09'),
('79','aut','1979-06-03 05:08:39','1978-12-10 19:36:17'),
('80','quibusdam','1992-06-26 00:15:56','1973-04-17 13:15:30'),
('81','quia','2020-05-31 13:15:38','1995-03-14 15:46:06'),
('82','a','1978-09-30 20:04:21','2007-04-02 15:02:50'),
('83','necessitatibus','2011-05-17 17:31:54','2010-10-19 02:17:21'),
('84','maiores','1983-10-10 03:23:53','2004-03-17 22:21:49'),
('85','ad','2018-04-29 19:50:43','1984-11-19 05:05:00'),
('86','voluptas','2008-11-03 05:47:36','1981-10-16 10:33:52'),
('87','nam','2002-01-23 13:09:38','1975-04-06 03:53:45'),
('88','nostrum','1986-01-09 09:17:00','2015-11-06 04:21:36'),
('89','quaerat','2020-01-15 20:17:00','1999-12-28 07:51:14'),
('90','et','2008-08-11 01:57:25','1986-07-31 11:11:04'),
('91','porro','2001-06-15 22:53:14','1998-07-28 17:15:52'),
('92','modi','1972-12-27 14:44:25','1981-05-19 06:11:34'),
('93','praesentium','1989-08-30 17:47:26','2005-09-08 09:33:26'),
('94','totam','1973-09-19 09:58:30','2003-07-22 10:52:31'),
('95','cumque','2012-05-14 12:21:59','1992-03-14 04:05:09'),
('96','est','2010-12-22 18:13:43','1981-11-27 03:23:32'),
('97','expedita','1993-03-03 04:30:46','1974-05-15 14:40:50'),
('98','omnis','1970-12-05 01:49:59','2009-08-23 05:36:24'),
('99','et','1976-11-22 04:25:34','1987-12-05 13:44:30'),
('100','ad','1971-04-27 19:08:00','1982-06-25 00:09:33'); 


DROP TABLE IF EXISTS `messages`;
CREATE TABLE `messages` (
  `id` bigint(20) unsigned NOT NULL AUTO_INCREMENT,
  `from_user_id` bigint(20) unsigned NOT NULL,
  `to_user_id` bigint(20) unsigned NOT NULL,
  `body` text COLLATE utf8_unicode_ci DEFAULT NULL,
  `created_at` datetime DEFAULT current_timestamp(),
  PRIMARY KEY (`id`),
  KEY `from_user_id` (`from_user_id`),
  KEY `to_user_id` (`to_user_id`),
  CONSTRAINT `messages_ibfk_1` FOREIGN KEY (`from_user_id`) REFERENCES `users` (`id`) ON DELETE CASCADE ON UPDATE CASCADE,
  CONSTRAINT `messages_ibfk_2` FOREIGN KEY (`to_user_id`) REFERENCES `users` (`id`) ON DELETE CASCADE ON UPDATE CASCADE
) ENGINE=InnoDB AUTO_INCREMENT=101 DEFAULT CHARSET=utf8 COLLATE=utf8_unicode_ci;

INSERT INTO `messages` VALUES ('1','1','1','Excepturi nostrum pariatur voluptates laboriosam velit iure. Similique sit beatae dolor non eum dolores et. Numquam exercitationem porro quia corporis ut similique. Consectetur qui nesciunt aut repudiandae.','2002-05-25 15:45:39'),
('2','2','2','Doloribus est numquam aut unde eligendi. Recusandae optio natus blanditiis dolorem. Animi vel in odio sint eos amet. Veritatis quis quidem necessitatibus.','1993-04-12 07:34:56'),
('3','3','3','Laboriosam eum inventore enim ut est soluta numquam. Aperiam est illum aut nesciunt et quibusdam id excepturi.','2013-08-05 18:31:08'),
('4','4','4','Nam qui aperiam aut reiciendis ipsum asperiores magni. Exercitationem aperiam debitis consequatur.','1972-11-14 01:56:23'),
('5','5','5','Voluptatem maiores ipsam aperiam voluptatem. Consequatur soluta delectus tenetur. Praesentium eos corporis aut inventore. Voluptatem aut nulla qui accusantium odit.','2016-04-25 04:43:46'),
('6','6','6','Nesciunt debitis voluptas officiis odit laudantium. Quos ducimus enim et dignissimos tempore. Impedit aut deleniti magni voluptate expedita nam. Voluptas nostrum rem sequi repellat harum.','1999-02-02 14:28:13'),
('7','7','7','Fugit et exercitationem iste omnis odio. Tempora reiciendis earum at deleniti repudiandae. Autem repudiandae facilis voluptatem molestiae.','1979-05-14 06:32:34'),
('8','8','8','Consequatur sequi nostrum qui laudantium. Velit omnis et natus blanditiis harum sed. Dolorum officia dolorem omnis qui veniam recusandae ad.','1995-07-27 22:42:00'),
('9','9','9','Eius iusto autem voluptatibus quaerat culpa. Ut architecto deleniti est voluptas animi. Perspiciatis inventore eius ut ipsum. Sit saepe praesentium quibusdam ducimus a sed.','2004-12-11 09:40:48'),
('10','10','10','Est nisi quia iure. Sit suscipit a natus eum cumque eum. Atque est quia sunt.','2013-08-04 07:20:47'),
('11','11','11','Nesciunt vel iusto fugiat voluptas possimus. Occaecati occaecati quisquam quia officia nihil voluptas.','1973-06-05 11:45:13'),
('12','12','12','Corporis unde laborum quod doloremque. Voluptatem aut ullam mollitia quod tempora dolorum in. Est aliquid odio est quasi sequi. Laudantium quia quo ratione temporibus. Voluptatibus consequatur velit aut dignissimos.','1976-01-24 12:12:08'),
('13','13','13','Voluptate ut quidem vitae rerum. Cupiditate neque itaque placeat facere doloremque autem. Id ipsum magnam et maxime impedit id provident.','2005-05-10 05:10:49'),
('14','14','14','Et nisi dolore rerum mollitia commodi aliquam aut. Aspernatur quam sint id ut omnis cumque. Enim eum consequatur sed eos.','2004-09-24 03:05:53'),
('15','15','15','Voluptas voluptas consectetur voluptatum consequuntur consequatur. Enim necessitatibus nemo nobis rerum ducimus. Aliquam tempore cumque qui. Voluptatem est aut non praesentium earum consequatur.','2011-02-24 05:15:07'),
('16','16','16','Velit nihil doloremque minima aut veniam consequatur et. Et voluptatem velit id necessitatibus voluptate. Eligendi necessitatibus perferendis culpa quo officiis deleniti et. Quo vel et in fugiat autem et non.','1980-01-10 23:43:33'),
('17','17','17','Et eaque iure perferendis adipisci tempora. Magni qui quasi voluptas voluptatem non eos exercitationem. Et laborum ipsa dolor aut. Placeat architecto rem commodi quia et modi ea. Dolorem doloremque adipisci a repellat distinctio et.','1979-02-10 12:52:51'),
('18','18','18','Quaerat veniam accusamus doloremque voluptas aliquid quas. Omnis nihil et velit est. Omnis illo pariatur quia ipsum veniam. Dicta ut optio laudantium libero ut neque et facilis.','1982-11-28 18:40:33'),
('19','19','19','Earum quibusdam fugit voluptate ad cupiditate doloribus. Eligendi repellat quasi exercitationem repellat molestiae aliquid. Minus rerum sed rem et ut accusamus libero. Est perferendis accusantium qui impedit aut consequuntur.','1976-12-20 21:11:54'),
('20','20','20','Porro quis voluptatum voluptatem similique amet aut aut. Voluptate doloremque esse eum vero. Eos officiis ipsum quis et est.','1971-08-20 10:28:53'),
('21','21','21','Dolor ipsum qui quibusdam temporibus et maiores. Perferendis est et assumenda vel nostrum quis nostrum est. Amet ea deleniti animi aperiam.','1975-01-17 14:05:17'),
('22','22','22','Ipsum qui reprehenderit vitae voluptatem vero illo. Aut voluptatem illo vitae facilis repudiandae consequatur esse. Magnam eos harum et et dolore ad. Voluptas et libero excepturi quia atque ullam voluptate porro.','1998-08-08 15:23:11'),
('23','23','23','Eligendi est ipsum nihil sint. Et nihil qui officiis illum est. Enim voluptas est laborum rem praesentium a sit.','2003-10-20 03:32:47'),
('24','24','24','In voluptatem vel corrupti atque. Magnam nostrum sapiente autem rerum neque atque magnam. Et eligendi nesciunt voluptatum.','1998-04-14 13:20:46'),
('25','25','25','Minus ex minus consequatur rem unde nihil nostrum. Nostrum aut explicabo illo totam eos veritatis id. Modi et quo vel soluta. Temporibus perspiciatis corporis dolor animi fuga et quae.','1999-05-29 09:43:28'),
('26','26','26','Aliquam ipsa enim eum ut. Consectetur quos quas praesentium perferendis et veniam. Eaque et reiciendis nobis totam soluta tempora doloremque earum. Id necessitatibus vel labore voluptatem aliquid. Fugit necessitatibus autem provident.','2000-08-25 13:28:44'),
('27','27','27','Non quis earum culpa. Voluptates quos aspernatur ipsum qui voluptas. Quis nihil labore ad.','1977-08-27 07:35:32'),
('28','28','28','Dolorem consequatur aspernatur quos hic mollitia consectetur. Ex nihil velit amet consequatur consectetur consequuntur. Accusamus ipsam ipsa blanditiis maiores.','2009-11-17 09:02:15'),
('29','29','29','Illum quas culpa dolorem non doloribus. Libero rem autem ullam est enim reprehenderit laboriosam illo. In laboriosam sed nam vero eum voluptatum.','1981-10-03 22:44:33'),
('30','30','30','Sint quia dolorem ea maxime occaecati voluptatem illo. Hic et deserunt culpa ut. Molestias cumque libero amet autem. Atque amet eligendi natus provident aperiam pariatur quod ad.','1981-02-07 00:10:20'),
('31','31','31','Omnis minima amet dolorem alias. Aut molestias laborum ut quo ut. Ut totam maiores est omnis. Suscipit cumque officia fuga aut omnis.','1999-09-09 07:54:13'),
('32','32','32','Et totam et eligendi odit sit modi. Voluptate rerum aut eos et nam ratione dolorum sapiente. Molestiae sapiente non minus officiis commodi.','1979-10-20 03:39:32'),
('33','33','33','Et ut eum ipsam accusantium perferendis quaerat aperiam. Incidunt quo deserunt sit aut. Nam modi dolorem eum dicta. Sapiente tempore voluptate adipisci et excepturi distinctio occaecati qui.','1999-12-09 14:20:42'),
('34','34','34','Ea ex cupiditate at qui voluptatem nostrum blanditiis. Quidem est excepturi qui enim officiis nemo. Reiciendis inventore enim quo ea numquam corrupti rerum voluptatem. Quidem ipsam aliquam porro id neque eum dolores deleniti.','2014-06-23 02:22:57'),
('35','35','35','Reprehenderit dolorem tempore laudantium voluptatum sapiente voluptate. Iste ducimus a aperiam doloremque sint dolorem. Minima minus cupiditate aut corrupti blanditiis architecto velit consequuntur. Dolor odit tempore error sed earum est.','2017-02-26 16:37:16'),
('36','36','36','Aut distinctio debitis voluptate porro temporibus qui. Qui fugiat voluptas eos veniam sed. Ut quisquam reprehenderit cum eum nesciunt autem. Amet adipisci suscipit veniam aut qui mollitia.','2011-09-15 05:58:52'),
('37','37','37','Sed deleniti dolor ab. Veritatis officia dolores quaerat est autem nemo. Odit nemo dolores libero qui rerum optio. Natus nesciunt doloremque laudantium totam quia.','2011-08-17 17:06:01'),
('38','38','38','Sint doloribus aut autem nostrum veniam quidem voluptatem. Sit commodi rerum sequi. Voluptatibus nihil molestias autem et. Aspernatur id ex quae ab repudiandae.','1973-04-12 08:42:00'),
('39','39','39','Voluptates eos quo corporis sed sit dolorum. Aut similique illo et fugiat. Non non temporibus error laborum labore in.','2013-01-15 19:48:09'),
('40','40','40','Mollitia a rerum fuga laborum explicabo rerum id. Iusto sint nihil omnis aut rerum ex a. Dignissimos ut tempora ut iste. Accusamus autem ullam quia.','1992-10-22 10:08:20'),
('41','41','41','Doloribus qui est rem fuga quo. Dolores quo occaecati sint perspiciatis ipsam omnis adipisci. Voluptatem eum dolorem ea nam deleniti accusantium. Asperiores quam cum error labore vel atque expedita.','2008-12-18 07:23:03'),
('42','42','42','Repellat quisquam quia nam impedit consequatur autem nihil. Id modi dolor dolores facilis consequuntur itaque. Aliquam cumque recusandae libero qui ab.','1987-09-03 02:51:26'),
('43','43','43','Vel sed iusto architecto ipsam non omnis. Voluptas dolorem exercitationem autem vitae vel.','1991-07-22 23:38:32'),
('44','44','44','Quos cupiditate officiis voluptatibus atque officiis. Temporibus quaerat deleniti molestias et quo non id. Ipsa nemo porro nesciunt.','2000-10-25 03:02:47'),
('45','45','45','Voluptatem ducimus nostrum quia similique. Id aut dolore velit quasi ex laborum omnis. Tempore veniam sed voluptatem animi reprehenderit.','1986-06-11 03:44:43'),
('46','46','46','Voluptas a aliquam eum. Non tempora repellat sit asperiores excepturi temporibus molestiae doloribus. Ut aut quaerat debitis et aut. Magnam quae qui ut quia aut.','2006-10-21 17:35:26'),
('47','47','47','Dolorem provident consequatur eos iusto. Incidunt et aut aspernatur tempora. Magnam laboriosam dolor dolor. Assumenda hic nulla consequatur sint deserunt.','1987-10-20 12:15:02'),
('48','48','48','Ullam ullam consequuntur rerum ullam magni. Tempore et culpa dolorem placeat suscipit voluptatem. Totam nam id alias non fuga dolores.','2016-07-21 01:05:41'),
('49','49','49','Sit et quis ut ad neque consequatur. Commodi odio quas quis. Accusantium consequatur eaque non beatae. Rem impedit vel est earum pariatur tempora.','2013-05-09 01:52:01'),
('50','50','50','Maxime excepturi ad ut saepe. Consequuntur accusamus et est deleniti cumque soluta mollitia. Quas soluta aspernatur aut consequatur omnis quod dolores voluptates. Nemo qui placeat neque eos et voluptatem et deleniti.','2004-03-26 00:49:31'),
('51','51','51','Fugit id maiores laudantium et nisi. Autem cumque quod recusandae et voluptatum. Qui fugiat vitae labore omnis molestiae aut fuga facilis. Tempore asperiores magnam in consequatur iste odio est. Minima facilis pariatur neque assumenda aut est quidem enim.','1996-12-28 18:55:20'),
('52','52','52','Velit vel adipisci ut ut velit. Animi totam magni excepturi. Tenetur voluptatibus alias voluptatem aut. Porro qui omnis beatae fugiat et itaque.','2012-07-31 18:24:38'),
('53','53','53','Voluptatum qui accusamus culpa quam est exercitationem id beatae. Qui eum beatae dolores. Delectus non consequuntur accusamus sint qui non. Iste voluptas tempora dolor voluptatem possimus quaerat blanditiis doloremque.','1974-06-05 22:20:20'),
('54','54','54','Harum sunt voluptas unde consequuntur quos voluptate provident. Qui cupiditate ut est omnis et in aliquam reiciendis. Aut suscipit quas ut voluptatibus vero natus non.','1970-11-27 20:51:45'),
('55','55','55','Dolores possimus laboriosam dolorem quas. Quae aut debitis ut fuga saepe quo culpa. Veniam distinctio qui accusamus. Illo repudiandae eaque nostrum quis velit ipsum doloremque.','2016-07-25 04:00:10'),
('56','56','56','Ipsum magnam dolorum quidem voluptatum facere minima minus. Ut quia qui magni ex id vel. Consectetur iusto esse quia culpa maiores doloribus occaecati. Est autem nemo neque enim consequatur cum aut voluptas.','1978-06-01 22:05:12'),
('57','57','57','Hic ea sint adipisci. Ipsum nihil omnis iste dolores facilis error. Odit sint deserunt et optio est sunt totam dolores. Quam dolores dolores eos expedita suscipit dolorum dolor.','1998-02-02 11:11:15'),
('58','58','58','Totam cumque vero accusantium sint consequatur ad. Et repellendus asperiores eligendi delectus. Accusamus ab maxime dicta officia voluptatem. Qui voluptate exercitationem dolor.','1980-10-26 20:52:02'),
('59','59','59','In tempora sed voluptatem illum eum. Esse optio cumque qui qui vel ipsa corporis. Omnis perspiciatis veniam dignissimos unde exercitationem.','2019-09-06 07:42:23'),
('60','60','60','Id qui adipisci consequatur exercitationem earum in. Eius dignissimos aut dignissimos voluptatem ut aperiam. Voluptas nisi voluptate a cum. Qui ad debitis quam quia eum.','1971-11-15 21:36:45'),
('61','61','61','Aperiam ad asperiores minima quibusdam voluptas et esse. Voluptates vel rerum architecto. Ut eum et et explicabo. Aliquid ut voluptate similique et ea quos.','1984-05-13 14:52:41'),
('62','62','62','Accusamus ut at reprehenderit. Dolor natus excepturi rerum voluptas eveniet ut in. Est maxime voluptatem iste maxime. Qui consequatur ut ut error.','2000-12-16 05:15:28'),
('63','63','63','Necessitatibus velit fuga mollitia ducimus sunt earum. A perspiciatis est odit aut similique eos. Nemo maxime accusantium quia laudantium velit. Ut sint repudiandae maxime animi recusandae aut et.','1987-08-10 12:47:46'),
('64','64','64','Molestiae veritatis quisquam excepturi. Maxime quidem est nesciunt. Perspiciatis est quis ea impedit minima nihil sit.','2015-11-15 23:23:03'),
('65','65','65','Accusantium odit est nihil dicta esse nisi doloribus. Consectetur accusantium aut illum recusandae eius. Laborum sed quo perferendis adipisci ea aut dignissimos.','1990-12-25 17:48:34'),
('66','66','66','Veniam doloribus et illum consequatur qui laborum eius sed. Alias et ratione hic modi. Vero odit cumque nemo quia atque aut.','1989-05-03 18:28:39'),
('67','67','67','Debitis et dolorum quis quae fugiat quod nesciunt cum. Aut ea omnis et ducimus ut omnis. Iure autem provident beatae provident necessitatibus. Ratione quis et porro occaecati omnis dolorum architecto.','1981-05-07 06:00:14'),
('68','68','68','Consequatur beatae omnis at est atque. Eum modi voluptatem eveniet fuga ea blanditiis sapiente. Voluptate et doloremque autem enim. Autem maiores nemo quasi alias expedita et impedit.','2014-02-23 20:26:15'),
('69','69','69','Aut vitae iste voluptate possimus voluptate ut soluta. Unde est architecto deserunt placeat. Sequi est vel doloribus culpa consequatur. Nam sapiente dolorum quidem.','1992-10-18 07:29:47'),
('70','70','70','Quia inventore recusandae ea deleniti qui. Maxime repudiandae maxime et iusto rerum ullam rerum. Architecto dolore est quas eum mollitia aut.','2015-03-15 21:57:10'),
('71','71','71','Necessitatibus dicta non quia expedita ipsa et ullam. Quis est ut unde possimus consequatur. Eos et aut exercitationem doloremque doloribus numquam.','2011-02-17 20:03:01'),
('72','72','72','Id non dignissimos cupiditate temporibus et dolores repudiandae. Ab voluptatem similique nihil architecto unde est explicabo. Ea dicta rem accusantium temporibus maxime cupiditate.','1972-07-18 04:56:50'),
('73','73','73','Magni voluptates exercitationem sapiente consequatur quibusdam id incidunt. Dolorum excepturi rem accusantium molestiae illo qui. Excepturi amet modi officiis qui. Minus voluptatem dolorem a dolorem magni. Quo et accusantium vero in quis culpa.','2016-11-08 09:22:36'),
('74','74','74','Et est quam sed mollitia voluptatem. In nesciunt maiores vel omnis officiis culpa exercitationem reprehenderit.','1975-10-13 10:33:12'),
('75','75','75','Totam quia eos aspernatur. Accusamus dicta eos veritatis autem.','1985-03-24 16:59:04'),
('76','76','76','Sunt consequatur est quae consequatur dolorem. Iusto et accusantium repudiandae sunt voluptas. Quia dolore mollitia dolores eum modi facilis et. Reiciendis numquam maiores necessitatibus accusantium eaque autem illum.','2006-10-07 19:43:50'),
('77','77','77','Doloremque a voluptatum aliquid odit aut ea ab iusto. Illum non quisquam odit dolor voluptatem doloribus porro culpa. Minus sunt dolorum aut excepturi reprehenderit.','1991-05-20 10:05:57'),
('78','78','78','Enim praesentium perspiciatis ratione eligendi non. Et ut est quisquam architecto. Atque aspernatur quis quia molestiae. Sint explicabo ad itaque fugit placeat impedit quia.','2003-09-23 09:54:44'),
('79','79','79','Dolor qui voluptatum similique et sapiente deserunt labore. Omnis sapiente dolores corrupti et consequatur porro.','1991-03-15 17:49:07'),
('80','80','80','Possimus nihil quae non nesciunt sint. Suscipit doloremque aspernatur deleniti natus perferendis ut. Alias accusamus illo quia voluptatem dolore. Culpa sint natus laboriosam odio accusamus minus eveniet.','1973-04-14 22:10:40'),
('81','81','81','A ea et occaecati et. Et eligendi tenetur dicta repellendus minus labore ut magnam. Aut eaque eaque occaecati corrupti commodi omnis ut. Explicabo consequatur temporibus adipisci sed harum quo fuga.','1971-12-14 10:56:59'),
('82','82','82','Dicta mollitia modi nam et perferendis. Non animi similique quia. Perspiciatis omnis voluptatibus possimus fuga dolore cum. Ratione quis omnis voluptas doloremque qui.','1985-06-18 17:47:51'),
('83','83','83','Ratione magnam labore voluptas necessitatibus autem adipisci veritatis. Eligendi quos quidem iusto doloremque quo quae blanditiis ut. Quia quos dolores minus.','1992-05-02 05:30:28'),
('84','84','84','Quia omnis aut sequi officia. Repellendus quam voluptate ut sed. Repellendus ratione id adipisci quia.','1983-07-12 09:54:10'),
('85','85','85','Et tenetur accusantium libero eos ut suscipit repudiandae. Non quidem facere eos sint blanditiis voluptas. Aut iure perferendis accusantium nihil.','1986-07-29 14:04:43'),
('86','86','86','Voluptatibus officia velit tenetur sunt dolore laborum. Ut harum eum laboriosam quo aut et veniam. Odit quibusdam dolorem eum iure aspernatur velit eum.','1970-09-04 00:36:32'),
('87','87','87','Nam nam in dolores quae deserunt. In odit dolores voluptatem asperiores. Dolor vel mollitia rerum aliquid minima. Eos voluptatem ut mollitia.','1979-03-18 12:50:49'),
('88','88','88','Esse suscipit eum modi omnis pariatur odit et. Est odit deserunt quos rerum. Dolores optio nisi autem ea temporibus veritatis dolores et.','2006-05-31 08:25:17'),
('89','89','89','Officiis incidunt libero neque repellendus illo. Mollitia illum ut illum quidem rem saepe vero. Repudiandae nisi tempore dolores quia voluptatibus harum. Molestiae in sed cupiditate expedita recusandae.','2010-07-13 06:50:07'),
('90','90','90','Id nihil molestiae officia aut illo commodi ullam. Sit et ipsam accusamus ut voluptatem consequatur commodi. Porro dolore ipsa iste.','2001-10-31 22:37:17'),
('91','91','91','Amet nihil voluptatibus animi consequatur ducimus. Sapiente et est possimus quaerat et minima delectus. Aut veritatis voluptas asperiores eum quia et. Commodi autem soluta magnam.','2002-08-17 20:47:49'),
('92','92','92','Ea distinctio quia architecto dolores. Modi quia id distinctio numquam commodi soluta. Totam pariatur voluptate ipsam. Repudiandae consequuntur nesciunt dolor odio esse.','2002-06-04 02:05:27'),
('93','93','93','Debitis tempore sapiente aut ut. Asperiores blanditiis qui exercitationem et autem eos impedit laudantium. Quis qui doloribus dolores harum. Qui ut quae architecto nisi.','1998-07-22 01:11:10'),
('94','94','94','Consectetur et mollitia recusandae rem. Aut magni temporibus perspiciatis beatae debitis officiis consequatur. Cumque laborum officia error eos.','1997-12-21 23:52:43'),
('95','95','95','Similique possimus temporibus itaque temporibus aliquam excepturi. Vitae perferendis rerum eum exercitationem voluptate. Quaerat error voluptatem consequuntur hic sint qui.','1975-10-11 18:48:02'),
('96','96','96','Quae sunt id id qui rerum laborum non neque. Vel et sint qui sed. Praesentium eos reprehenderit labore qui fugiat est. Ipsa nam qui totam doloremque.','2020-04-04 09:57:47'),
('97','97','97','Quia temporibus possimus alias aut at aliquid totam aliquam. Error voluptas sit dignissimos quae assumenda quia rerum. Sapiente iure qui et rerum eius recusandae. Est tenetur fuga dignissimos rerum nihil omnis possimus.','1985-10-10 16:23:41'),
('98','98','98','Eum esse maxime officiis eaque aut temporibus maxime. Veniam nisi eos non cumque ullam et sit ut. Corporis deserunt praesentium ab voluptatem perspiciatis non. Cupiditate ut expedita reprehenderit.','1997-05-24 02:32:01'),
('99','99','99','Cupiditate ab non at ducimus. Placeat perferendis nihil dolorum quae qui eum. Reiciendis iure molestias cumque eveniet itaque. Ut possimus at velit rerum nobis. Et pariatur sequi natus.','1972-05-03 06:43:52'),
('100','100','100','Iure nobis omnis modi consectetur. Tempore qui pariatur consequuntur officia qui quia labore blanditiis. Culpa sed esse velit quia vero et inventore voluptatem.','1982-09-24 02:41:44'); 


DROP TABLE IF EXISTS `photo_albums`;
CREATE TABLE `photo_albums` (
  `id` bigint(20) unsigned NOT NULL AUTO_INCREMENT,
  `name` varchar(255) COLLATE utf8_unicode_ci DEFAULT NULL,
  `user_id` bigint(20) unsigned DEFAULT NULL,
  PRIMARY KEY (`id`),
  UNIQUE KEY `id` (`id`),
  KEY `user_id` (`user_id`),
  CONSTRAINT `photo_albums_ibfk_1` FOREIGN KEY (`user_id`) REFERENCES `users` (`id`) ON DELETE SET NULL ON UPDATE CASCADE
) ENGINE=InnoDB AUTO_INCREMENT=101 DEFAULT CHARSET=utf8 COLLATE=utf8_unicode_ci;

INSERT INTO `photo_albums` VALUES ('1','accusamus','1'),
('2','veritatis','2'),
('3','iste','3'),
('4','autem','4'),
('5','cupiditate','5'),
('6','blanditiis','6'),
('7','dolores','7'),
('8','sunt','8'),
('9','consectetur','9'),
('10','vel','10'),
('11','perspiciatis','11'),
('12','quis','12'),
('13','enim','13'),
('14','eum','14'),
('15','dolore','15'),
('16','reiciendis','16'),
('17','numquam','17'),
('18','vel','18'),
('19','cupiditate','19'),
('20','quia','20'),
('21','similique','21'),
('22','aliquam','22'),
('23','vero','23'),
('24','velit','24'),
('25','nisi','25'),
('26','illum','26'),
('27','sint','27'),
('28','ea','28'),
('29','dolorum','29'),
('30','deserunt','30'),
('31','magni','31'),
('32','incidunt','32'),
('33','in','33'),
('34','dolor','34'),
('35','natus','35'),
('36','ad','36'),
('37','ex','37'),
('38','dolorum','38'),
('39','quis','39'),
('40','ex','40'),
('41','enim','41'),
('42','eum','42'),
('43','soluta','43'),
('44','deserunt','44'),
('45','distinctio','45'),
('46','porro','46'),
('47','minima','47'),
('48','eos','48'),
('49','facere','49'),
('50','illum','50'),
('51','minima','51'),
('52','modi','52'),
('53','rerum','53'),
('54','ut','54'),
('55','rem','55'),
('56','quaerat','56'),
('57','cupiditate','57'),
('58','fugit','58'),
('59','impedit','59'),
('60','aut','60'),
('61','sunt','61'),
('62','sed','62'),
('63','beatae','63'),
('64','eum','64'),
('65','nihil','65'),
('66','blanditiis','66'),
('67','dignissimos','67'),
('68','quia','68'),
('69','praesentium','69'),
('70','dignissimos','70'),
('71','aliquam','71'),
('72','voluptas','72'),
('73','neque','73'),
('74','sequi','74'),
('75','voluptas','75'),
('76','esse','76'),
('77','in','77'),
('78','iure','78'),
('79','eveniet','79'),
('80','esse','80'),
('81','illo','81'),
('82','dolor','82'),
('83','aspernatur','83'),
('84','officia','84'),
('85','labore','85'),
('86','error','86'),
('87','excepturi','87'),
('88','id','88'),
('89','expedita','89'),
('90','enim','90'),
('91','asperiores','91'),
('92','quis','92'),
('93','illum','93'),
('94','explicabo','94'),
('95','maiores','95'),
('96','eos','96'),
('97','qui','97'),
('98','quia','98'),
('99','ut','99'),
('100','quia','100'); 


DROP TABLE IF EXISTS `photos`;
CREATE TABLE `photos` (
  `id` bigint(20) unsigned NOT NULL AUTO_INCREMENT,
  `album_id` bigint(20) unsigned NOT NULL,
  `media_id` bigint(20) unsigned NOT NULL,
  PRIMARY KEY (`id`),
  KEY `album_id` (`album_id`),
  KEY `media_id` (`media_id`),
  CONSTRAINT `photos_ibfk_1` FOREIGN KEY (`album_id`) REFERENCES `photo_albums` (`id`) ON DELETE CASCADE ON UPDATE CASCADE,
  CONSTRAINT `photos_ibfk_2` FOREIGN KEY (`media_id`) REFERENCES `media` (`id`) ON DELETE CASCADE ON UPDATE CASCADE
) ENGINE=InnoDB AUTO_INCREMENT=101 DEFAULT CHARSET=utf8 COLLATE=utf8_unicode_ci;

INSERT INTO `photos` VALUES ('1','1','1'),
('2','2','2'),
('3','3','3'),
('4','4','4'),
('5','5','5'),
('6','6','6'),
('7','7','7'),
('8','8','8'),
('9','9','9'),
('10','10','10'),
('11','11','11'),
('12','12','12'),
('13','13','13'),
('14','14','14'),
('15','15','15'),
('16','16','16'),
('17','17','17'),
('18','18','18'),
('19','19','19'),
('20','20','20'),
('21','21','21'),
('22','22','22'),
('23','23','23'),
('24','24','24'),
('25','25','25'),
('26','26','26'),
('27','27','27'),
('28','28','28'),
('29','29','29'),
('30','30','30'),
('31','31','31'),
('32','32','32'),
('33','33','33'),
('34','34','34'),
('35','35','35'),
('36','36','36'),
('37','37','37'),
('38','38','38'),
('39','39','39'),
('40','40','40'),
('41','41','41'),
('42','42','42'),
('43','43','43'),
('44','44','44'),
('45','45','45'),
('46','46','46'),
('47','47','47'),
('48','48','48'),
('49','49','49'),
('50','50','50'),
('51','51','51'),
('52','52','52'),
('53','53','53'),
('54','54','54'),
('55','55','55'),
('56','56','56'),
('57','57','57'),
('58','58','58'),
('59','59','59'),
('60','60','60'),
('61','61','61'),
('62','62','62'),
('63','63','63'),
('64','64','64'),
('65','65','65'),
('66','66','66'),
('67','67','67'),
('68','68','68'),
('69','69','69'),
('70','70','70'),
('71','71','71'),
('72','72','72'),
('73','73','73'),
('74','74','74'),
('75','75','75'),
('76','76','76'),
('77','77','77'),
('78','78','78'),
('79','79','79'),
('80','80','80'),
('81','81','81'),
('82','82','82'),
('83','83','83'),
('84','84','84'),
('85','85','85'),
('86','86','86'),
('87','87','87'),
('88','88','88'),
('89','89','89'),
('90','90','90'),
('91','91','91'),
('92','92','92'),
('93','93','93'),
('94','94','94'),
('95','95','95'),
('96','96','96'),
('97','97','97'),
('98','98','98'),
('99','99','99'),
('100','100','100'); 


DROP TABLE IF EXISTS `profiles`;
CREATE TABLE `profiles` (
  `user_id` bigint(20) unsigned NOT NULL AUTO_INCREMENT,
  `gender` char(1) COLLATE utf8_unicode_ci DEFAULT NULL,
  `birthday` date DEFAULT NULL,
  `photo_id` bigint(20) unsigned DEFAULT NULL,
  `created_at` datetime DEFAULT current_timestamp(),
  `hometown` varchar(100) COLLATE utf8_unicode_ci DEFAULT NULL,
  PRIMARY KEY (`user_id`),
  KEY `fk_photo_id` (`photo_id`),
  CONSTRAINT `fk_photo_id` FOREIGN KEY (`photo_id`) REFERENCES `photos` (`id`) ON DELETE SET NULL ON UPDATE CASCADE,
  CONSTRAINT `fk_user_id` FOREIGN KEY (`user_id`) REFERENCES `users` (`id`) ON DELETE CASCADE ON UPDATE CASCADE
) ENGINE=InnoDB AUTO_INCREMENT=101 DEFAULT CHARSET=utf8 COLLATE=utf8_unicode_ci;

INSERT INTO `profiles` VALUES ('1','f','2000-03-18','1','1970-05-28 04:27:35',NULL),
('2','f','1982-06-17','2','1984-04-16 06:15:37',NULL),
('3','f','2003-06-25','3','1989-05-25 08:37:06',NULL),
('4','f','2009-06-02','4','2008-12-01 01:32:45',NULL),
('5','m','2008-12-10','5','1989-04-05 02:43:36',NULL),
('6','f','2002-01-21','6','1994-05-07 20:29:54',NULL),
('7','m','1994-06-11','7','1984-08-28 06:45:34',NULL),
('8','m','2018-10-15','8','2011-02-21 13:17:11',NULL),
('9','f','1975-03-29','9','1987-10-29 06:11:24',NULL),
('10','f','2001-12-19','10','1970-08-27 01:37:51',NULL),
('11','f','2008-12-19','11','1998-04-10 16:12:59',NULL),
('12','f','1990-03-17','12','1979-11-06 20:41:19',NULL),
('13','f','2006-12-10','13','1984-04-14 19:24:26',NULL),
('14','f','2003-11-13','14','2001-12-12 01:59:04',NULL),
('15','f','2017-06-02','15','2012-08-27 18:56:27',NULL),
('16','m','2009-07-15','16','1981-01-09 10:36:06',NULL),
('17','f','1996-10-15','17','1987-07-23 06:05:30',NULL),
('18','m','2014-09-20','18','2016-10-28 05:48:48',NULL),
('19','f','1976-01-26','19','1994-06-29 15:08:18',NULL),
('20','m','1991-03-16','20','1988-10-09 22:52:33',NULL),
('21','f','1975-12-06','21','2003-08-05 00:28:41',NULL),
('22','m','1985-01-21','22','1984-05-05 19:21:43',NULL),
('23','m','1997-05-13','23','2008-12-21 10:36:27',NULL),
('24','f','2006-05-31','24','2003-04-25 20:39:01',NULL),
('25','m','1990-03-20','25','2001-12-16 17:53:04',NULL),
('26','f','1987-01-08','26','2017-05-11 02:43:32',NULL),
('27','f','1998-03-09','27','1996-09-25 21:16:50',NULL),
('28','m','1973-08-17','28','1979-05-30 09:27:08',NULL),
('29','f','1974-07-06','29','1974-12-17 10:10:27',NULL),
('30','f','2020-02-07','30','1989-03-21 13:30:27',NULL),
('31','m','2014-11-02','31','1999-07-29 06:40:55',NULL),
('32','f','1971-12-05','32','2020-10-10 23:39:41',NULL),
('33','m','1970-10-15','33','2006-02-08 12:06:38',NULL),
('34','m','2010-10-01','34','2008-12-12 05:47:54',NULL),
('35','f','1976-07-17','35','2018-01-18 08:51:06',NULL),
('36','f','1979-12-22','36','1990-11-17 05:54:22',NULL),
('37','m','2008-12-08','37','1972-10-22 19:04:29',NULL),
('38','m','2003-09-08','38','2012-08-08 15:27:51',NULL),
('39','m','1994-06-03','39','1988-07-13 12:51:27',NULL),
('40','f','2017-05-19','40','1984-12-14 10:04:19',NULL),
('41','m','1989-09-16','41','2002-12-28 22:27:27',NULL),
('42','f','2016-08-26','42','2007-08-18 19:38:58',NULL),
('43','f','1979-05-22','43','1993-03-04 15:30:13',NULL),
('44','f','1983-11-23','44','1994-08-25 06:42:29',NULL),
('45','m','1979-09-01','45','2020-01-24 06:18:40',NULL),
('46','f','2014-11-08','46','2006-09-10 20:50:45',NULL),
('47','f','1986-01-06','47','1981-04-23 08:23:27',NULL),
('48','f','1989-06-20','48','2012-08-10 21:36:22',NULL),
('49','m','1988-05-27','49','1984-06-25 17:11:12',NULL),
('50','m','1972-09-22','50','2004-10-23 17:49:48',NULL),
('51','m','1973-08-22','51','1994-04-15 03:24:58',NULL),
('52','f','2016-06-10','52','1987-11-10 03:58:36',NULL),
('53','m','2016-11-22','53','1999-09-02 06:31:26',NULL),
('54','f','1983-02-13','54','2010-02-04 18:53:43',NULL),
('55','m','1972-05-23','55','1980-10-26 01:57:21',NULL),
('56','f','2005-09-28','56','1979-10-05 14:52:58',NULL),
('57','m','1997-04-05','57','2013-08-11 07:21:06',NULL),
('58','f','2020-05-02','58','2018-03-30 12:49:36',NULL),
('59','f','2002-12-12','59','1989-06-22 13:32:18',NULL),
('60','m','1991-09-03','60','1997-05-25 03:17:28',NULL),
('61','f','1970-03-05','61','1998-09-04 10:53:41',NULL),
('62','f','1990-08-15','62','2012-12-25 13:23:23',NULL),
('63','m','1997-03-18','63','1971-11-16 10:22:16',NULL),
('64','f','1994-09-27','64','1974-02-21 21:15:43',NULL),
('65','f','1972-07-20','65','1991-09-04 18:36:05',NULL),
('66','f','2012-10-25','66','1993-08-30 14:50:18',NULL),
('67','m','2000-01-27','67','2005-01-11 13:35:21',NULL),
('68','m','2000-03-26','68','2003-02-26 07:47:49',NULL),
('69','m','2010-09-22','69','2020-03-16 17:21:37',NULL),
('70','m','2009-10-20','70','1996-06-12 22:19:41',NULL),
('71','f','1990-03-01','71','1990-04-30 15:27:09',NULL),
('72','f','2000-11-17','72','2014-07-27 21:12:27',NULL),
('73','f','2012-06-14','73','1998-03-05 20:22:37',NULL),
('74','m','1996-11-29','74','2013-08-14 03:33:12',NULL),
('75','m','2001-12-05','75','1984-06-26 22:14:28',NULL),
('76','f','1997-03-15','76','1975-10-13 21:39:37',NULL),
('77','m','1997-10-22','77','2020-11-02 04:08:27',NULL),
('78','m','2015-01-13','78','2018-02-02 16:33:38',NULL),
('79','m','2011-05-20','79','1971-05-24 03:42:06',NULL),
('80','f','2004-06-02','80','1986-10-19 08:25:55',NULL),
('81','m','2018-09-24','81','1991-03-07 06:05:06',NULL),
('82','f','2020-01-26','82','2002-02-04 17:49:37',NULL),
('83','f','2011-03-30','83','1990-05-25 11:03:14',NULL),
('84','f','1992-05-06','84','1992-01-23 10:33:03',NULL),
('85','f','1991-09-20','85','1988-06-01 00:58:15',NULL),
('86','m','2017-12-15','86','2011-02-01 05:40:54',NULL),
('87','m','1989-04-06','87','1980-05-10 18:24:50',NULL),
('88','f','1985-08-07','88','2020-05-03 05:58:28',NULL),
('89','m','1988-01-11','89','1985-10-17 10:24:44',NULL),
('90','m','2007-07-05','90','1984-02-13 22:56:37',NULL),
('91','m','1981-04-25','91','1972-11-07 06:48:08',NULL),
('92','m','2000-02-21','92','1976-04-06 14:23:20',NULL),
('93','m','2016-05-23','93','2019-03-28 21:50:29',NULL),
('94','m','2006-02-14','94','2015-10-12 23:53:40',NULL),
('95','f','2007-06-26','95','1984-04-11 18:21:56',NULL),
('96','m','2010-12-18','96','2015-08-08 10:22:11',NULL),
('97','m','1977-05-16','97','1979-07-08 11:09:49',NULL),
('98','m','2002-07-04','98','2002-06-30 20:28:46',NULL),
('99','f','2002-02-19','99','2007-06-02 18:03:55',NULL),
('100','f','1975-08-27','100','2015-11-26 14:17:42',NULL); 


DROP TABLE IF EXISTS `users`;
CREATE TABLE `users` (
  `id` bigint(20) unsigned NOT NULL AUTO_INCREMENT,
  `firstname` varchar(100) COLLATE utf8_unicode_ci DEFAULT NULL,
  `lastname` varchar(100) COLLATE utf8_unicode_ci DEFAULT NULL COMMENT 'Фамилия',
  `email` varchar(100) COLLATE utf8_unicode_ci DEFAULT NULL,
  `password_hash` varchar(100) COLLATE utf8_unicode_ci DEFAULT NULL,
  `phone` bigint(20) DEFAULT NULL,
  `is_deleted` bit(1) DEFAULT b'0',
  PRIMARY KEY (`id`),
  UNIQUE KEY `email` (`email`),
  KEY `users_firstname_lastname_idx` (`firstname`,`lastname`)
) ENGINE=InnoDB AUTO_INCREMENT=101 DEFAULT CHARSET=utf8 COLLATE=utf8_unicode_ci;

INSERT INTO `users` VALUES ('1','Joyce','Ortiz','christopher89@example.net','0156d2e8dd5fca297dac24241c30dee2f402ffcf','9369183922','1'),
('2','Conrad','Turcotte','lewis25@example.com','239d817343a0f4e776385502f894c9905fb0d97f','9995225255','0'),
('3','Bret','Kuvalis','kub.noelia@example.org','f420887537a48d757566099b142e67986b8f1787','9827634101','0'),
('4','Dianna','Ratke','lkris@example.org','cbc9e48aa4afd0b77e00fce91dcdd46bdcd44622','9425119299','1'),
('5','Sherwood','Cole','lupe.stanton@example.com','cdcc61b260fe16618e32dbeb6af66eabdfae9e2b','9100537931','0'),
('6','Ezekiel','Haag','ehermiston@example.org','ca031b0eb0877acb5337b732fb2e8a7465575511','9047968136','1'),
('7','Ivah','Senger','wbartell@example.net','c1514e544c6fd1d4268c62684984cd4af23f8f8d','9236416827','1'),
('8','Toney','Smith','gunner.bahringer@example.org','10185bc1ba06fc99e94f4bd8e882fb8811c6a232','9148002595','0'),
('9','Soledad','Bartell','edyth17@example.com','da24568f4c4cad1fcb3925a7706e0af3e61b8ef7','9898792141','0'),
('10','Sydnie','Johnston','johnson.conrad@example.org','9ab4098674376b78fff87619a7aa7f320beae474','9945118471','1'),
('11','Ariane','McKenzie','hertha.kling@example.net','7a49dc5e76ab46fa9dd5e615cde1754a786b87ef','9773872080','0'),
('12','Alisha','Gaylord','simonis.elta@example.com','d03ea62158e43eee9434b7e6b92bb73d4af76e0d','9848271344','0'),
('13','Rosalee','Feeney','flatley.jeffry@example.org','a4ceaa6aae6ae153209b1f2574710b739530acac','9636138925','1'),
('14','Claud','Buckridge','edwina86@example.org','6e53991de43790971e822dca83b9dd965dff3fe6','9822326443','0'),
('15','Timothy','Kohler','georgette.daugherty@example.org','7fb6a22b0c1f616ab08f0ca90c13a899ae0c2284','9777275063','1'),
('16','Erwin','Block','clara90@example.com','8838f2bd21ae0734c6a0aaaf0159ece85c324652','9522168584','1'),
('17','Kiley','Oberbrunner','dooley.vern@example.net','490e6f95522c089be29ae54188d5d727d546c777','9203654652','0'),
('18','Jonas','Will','hodkiewicz.carlos@example.net','5c16535b62f3a2e2ac2aa4bab768a2c63b6f34c1','9025614628','0'),
('19','Elza','Ryan','pagac.conner@example.com','71e932e53ababb5cfe5977fc22add7114e17860d','9117548517','0'),
('20','Kariane','Walter','d\'angelo.pollich@example.com','cd3bb9a49027c701d71edc840fffbce3cab853ea','9186133805','0'),
('21','Vance','Jaskolski','ahmad.feest@example.org','c4514bcae3c67d1087c9719995c0e8f77ea62e93','9755332488','0'),
('22','Brigitte','Blanda','katelynn40@example.com','20b13a57466b8de933f66941db160a3a70cbaa74','9650917703','1'),
('23','Juston','Marquardt','mueller.ayla@example.org','9ab74d0c3af218daf1c56284660f0d29fa456d3d','9882002816','0'),
('24','Heidi','McKenzie','beatrice.torphy@example.com','db89e29bdceed759ed1acd9b99d30fe738f61ae3','9064324908','1'),
('25','Hans','Huels','josefa20@example.com','11d29cbfdef42797263ba43ddb1ea9da1277bcda','9540332075','1'),
('26','Alvina','Ankunding','ozella51@example.com','7042416f91eb9449eaf6b279fbcca0a946a22e7f','9080025936','1'),
('27','Marcelina','Collins','vvon@example.net','d3bcdda910bf4fdc4d9b697dfa5661dea359d622','9217139122','1'),
('28','Randi','Rippin','deja.gorczany@example.net','377b319f19c4c0f7c8dbd122465015446095e943','9251085281','1'),
('29','Nikki','Gibson','sigurd.weber@example.org','94f157e0e9e2ff6329357469d3cd119755db03ff','9258901933','0'),
('30','Chloe','Zemlak','dnicolas@example.net','e868e480b4bff6afaa8d77d53bd5cdce17ce5645','9781621791','0'),
('31','Elisabeth','Macejkovic','o\'keefe.dylan@example.org','489263ebdc7e560a6fbd3f0d9951f3386868857e','9587623375','1'),
('32','Alejandra','Krajcik','ylabadie@example.net','645fd77be8e216d24bb5b1b141f0d177ba830b0b','9659456631','1'),
('33','Zachery','Lindgren','ellen85@example.org','db0ec3177386472a2f4552db07c7688e9af4cf2d','9234384511','1'),
('34','Maurice','Harris','walker.mariane@example.net','aa18d3d691267867cef7b1817191d8b85f32586f','9016741533','1'),
('35','Maritza','Frami','salvatore94@example.net','846c5fefbaa439344ed0ddd8a5a75a8080928d45','9938395416','1'),
('36','Dayna','Becker','goodwin.alexandre@example.com','313ac5d0ae8b23d77305f6255d04442e23f33348','9441660169','0'),
('37','Karen','Steuber','pernser@example.org','79b497909e1428b4277373074d869fd43807cfee','9264367955','0'),
('38','Gregg','White','larissa18@example.net','48f8afc8c809fed19d659d718cb5dd027c72baf2','9153348843','0'),
('39','Salvador','Gleason','stone.johns@example.net','23f6ee6eb2a8ee189e709647766b7415d9f6859b','9714497658','1'),
('40','Norberto','Bashirian','cmitchell@example.com','54711ed611eb855a2c359eb731ed7f1549c60da7','9685270233','0'),
('41','Vladimir','Herman','leann57@example.net','e9e12d760cee68a82d51758868f067f4f4177c63','9296668895','1'),
('42','Pat','Reilly','crystel.streich@example.org','c9bf0128f80ed0134c4067e9cc90e7219fc7e7ac','9023482728','1'),
('43','Rosalia','Green','ykertzmann@example.com','885944949ed2c2f3b987c0e321d8029aaace3eff','9150399798','0'),
('44','Shemar','Hills','dpadberg@example.com','d2e4db8c4219a2a5429b3eb0ecf81bf1a77ad4b5','9021824652','1'),
('45','Allie','Haag','hazel63@example.org','968b05579b31230e97237f9317f316d8987e1698','9010408258','0'),
('46','Guy','Murray','clare.doyle@example.com','8e339778adadd986b21f94b502cc00edea5000e4','9955039548','1'),
('47','Dandre','Streich','nwaters@example.net','fe3daff53793e40208b99984e0fa8c649b45a6c1','9709790466','0'),
('48','Easter','Kessler','aida.wolff@example.org','48f316dd4b30942698fe9d8e26a5dda25be6c11a','9826453013','0'),
('49','Alexie','Rogahn','hahn.mortimer@example.com','ff70b430c273e184c10cda82369c04520420676b','9604639375','0'),
('50','Macey','Hauck','kwisozk@example.net','0d9a3fb16c1fb5cb62ebe89453e3e268a3071966','9384009419','0'),
('51','Shayne','Donnelly','ukling@example.com','693857f63a6a218c2f9c77b8560a733e096c23d3','9382695862','1'),
('52','Veda','Hudson','senger.linnea@example.com','480dce2aedbecf58a0b567a4518aacea2025ba24','9610691990','1'),
('53','Ava','Lang','jerry53@example.org','c49fc3ed1cebbae8ee6c4b8857aa753e4e413450','9586772356','0'),
('54','Ethan','Nikolaus','everette.bruen@example.net','429370da959c87a79e6218b22b35c890031be443','9265159441','1'),
('55','Dudley','Monahan','jennifer93@example.com','cd0c8505f465a6cda41a78ec0307fa77d72c3579','9125850803','0'),
('56','Ryleigh','Cruickshank','oberbrunner.uriah@example.org','e524256d53d1166a86aadbca7469d72d5ac057e4','9675863507','1'),
('57','Cordell','Yundt','sanford.asha@example.org','a35bb0de5413cc48a7ea5d8905e0b3ac7d05c81f','9997742348','0'),
('58','Lillie','Jaskolski','euna.daniel@example.org','7dadb2314878707ee57ebd451d3ef69e301372fb','9776837766','0'),
('59','Janessa','Koepp','jschulist@example.com','4960e14b8e56fee7e80aaed3ccf9ad6681939ead','9854753752','0'),
('60','Sammy','Wuckert','esta.reinger@example.net','dbd86ef0cfaac01e1e715029a9072a6195c8802b','9182586883','1'),
('61','Edmond','Lebsack','vergie85@example.com','9454bea4d4a36ada8ddeac66813a229ebced288a','9582678576','1'),
('62','Aditya','Gerlach','sarai.herman@example.org','2f31f50a5630bb1390ef46dcb1f6fb7a24c073c6','9697443723','1'),
('63','Rosie','Ankunding','bartoletti.luna@example.org','d75884e7ed30420f799acc88258a59d57883f40a','9024332653','1'),
('64','Adaline','Walsh','xoberbrunner@example.org','2258830b61de39583f680e68bb045e4a0c962f7c','9022775611','1'),
('65','Grady','Kemmer','gaylord.conor@example.com','96e98399e1e38fd6fdd007e7f38f6cb2152ea41b','9339370478','0'),
('66','Amina','Bradtke','tstamm@example.org','59d09220627084e9d72606e82dfc86874f9a242d','9869619803','0'),
('67','Hudson','Goodwin','odessa68@example.com','a560c21081dd6cc2aae4f9803f7c74a34cd914a3','9726930580','0'),
('68','Kyle','Marquardt','jacobs.stephon@example.org','547a81ee33ecf0e3ef7c3c36cbcff888572d0b36','9948854551','0'),
('69','Adan','Stiedemann','nienow.barney@example.net','eb74c192da5f5e8be02dc17184f9c2cfa6750776','9028767375','0'),
('70','Ellie','Nienow','gulgowski.monroe@example.net','fb8e8ae827736d9781273359ddf5a740471dfe3e','9676446540','0'),
('71','Delfina','Rice','wconnelly@example.com','440c0ba71cf20f59d7efd356be84e972217b1634','9821686938','1'),
('72','Levi','Mante','blanda.elmer@example.com','d68505c4f77711588a5377834be920630fcbe871','9490042447','0'),
('73','Myriam','Aufderhar','pamela.cummerata@example.com','263b04dcab46df4b6f4acc3d1e6d7b3acce4b312','9576684131','1'),
('74','Savanah','Collins','parisian.lonie@example.org','13a6cac4986603e077b17117fb785b3dddc6ae3c','9480673773','1'),
('75','Guiseppe','Bogan','orn.laury@example.org','57e9905e9aa5d1360c5543607bff93287286f7e3','9584336195','0'),
('76','Erica','Stokes','verona10@example.net','ab49be47bb2f6a60ba6e3792cb8cafe3ebf1bf1a','9846339202','1'),
('77','Genesis','Effertz','kaylie.daugherty@example.net','40a5a76c5cca8bd44281780cd4ea2272ae3f6ea6','9370299510','0'),
('78','Colin','Gislason','vanessa20@example.net','eeb44735f150673ced32dc550a7f8c4e40a0d369','9369822250','1'),
('79','Madge','Lang','mbauch@example.org','f9d68ae46c22dd71d3521d21055cc492942792a1','9112371698','0'),
('80','Cloyd','Reilly','juvenal22@example.com','e2a6fe079c99ec29ddfb1590dd12a0a686f1506e','9329369298','0'),
('81','Wilmer','Smith','denesik.pearlie@example.com','389d1c5e10674d9f6fbdc404512065cf54672e67','9735777709','1'),
('82','Kaleb','O\'Connell','sophia.klocko@example.org','57eb6bf54dc75e2cc461f084b344d754055e3388','9280030343','1'),
('83','Connor','Metz','clint.o\'hara@example.org','a53abb34417e0a8d5f98c950e04be960ff938d2c','9667030675','1'),
('84','Amanda','Ward','manley22@example.com','d9f65e0a15fa495aecebd1ad40ef012e4b2bf9ad','9648368414','1'),
('85','Clint','Wyman','crystal.feest@example.net','7f514e257bcb15431204ff6ab7a1892006cf9139','9627981953','0'),
('86','Kaitlin','Champlin','rmckenzie@example.net','f6ac03724dc6ea1cb0eacea6319c14114bb475b4','9552196267','1'),
('87','Kareem','Wunsch','demario03@example.com','31c396005cef3f2bf290cf973d8061c223e3f40f','9435020118','1'),
('88','Lilliana','King','beatty.providenci@example.org','8c4507a5a4dcc8df63a08a1757c7356029613a43','9208497289','1'),
('89','Ellie','Hamill','jaiden31@example.com','f7ba847b6a018aff524932a4ba7c468ec8138ff2','9999890202','0'),
('90','Jaydon','Willms','ntreutel@example.net','17859c5abaf174d367ffa55989e0a719e8f4d315','9678011729','0'),
('91','Gaylord','Schmitt','myrl.ward@example.net','747e049de52c52efdfe410260ce5daeef327bf0a','9679595352','0'),
('92','Henry','Halvorson','everette00@example.org','7a6e7067df42af5afe16e21ff0b47e1a46d51a04','9217219584','0'),
('93','Summer','Gleason','dgerlach@example.net','03af8947c14998554385510029d00c96c6d3441e','9093852995','1'),
('94','Amiya','Lockman','bwelch@example.org','00febda63b5c17412ea852faf31b376cf499d901','9781903878','1'),
('95','Leonard','Kertzmann','marco.murray@example.net','4e2f243f3eb726a2509d70b04f2dc1827feaa77c','9893666681','0'),
('96','Al','Kozey','spacocha@example.net','9345f73510d0b7dd278076fc30e875a508c880b2','9076734624','1'),
('97','Miracle','Bogisich','vickie42@example.org','59e652a15478988a7431d7d9ea2799391556cdfc','9913718770','1'),
('98','Katelynn','Boyer','vivien.bins@example.org','847a19a531a1d1dab19c1ee4d463a925a7eca197','9193003199','0'),
('99','Annamae','Ledner','kay.schaden@example.net','d766c89e590eac189abe431b77854760095333c1','9013660690','1'),
('100','Amir','Okuneva','sanford.destini@example.com','9c81f297f282adac9e9396557d1bbeeeb6a5a3e6','9951767075','0'); 


DROP TABLE IF EXISTS `users_communities`;
CREATE TABLE `users_communities` (
  `user_id` bigint(20) unsigned NOT NULL,
  `community_id` bigint(20) unsigned NOT NULL,
  PRIMARY KEY (`user_id`,`community_id`),
  KEY `community_id` (`community_id`),
  CONSTRAINT `users_communities_ibfk_1` FOREIGN KEY (`user_id`) REFERENCES `users` (`id`) ON DELETE CASCADE ON UPDATE CASCADE,
  CONSTRAINT `users_communities_ibfk_2` FOREIGN KEY (`community_id`) REFERENCES `communities` (`id`) ON DELETE CASCADE ON UPDATE CASCADE
) ENGINE=InnoDB DEFAULT CHARSET=utf8 COLLATE=utf8_unicode_ci;

INSERT INTO `users_communities` VALUES ('1','1'),
('2','2'),
('3','3'),
('4','4'),
('5','5'),
('6','6'),
('7','7'),
('8','8'),
('9','9'),
('10','10'),
('11','11'),
('12','12'),
('13','13'),
('14','14'),
('15','15'),
('16','16'),
('17','17'),
('18','18'),
('19','19'),
('20','20'),
('21','21'),
('22','22'),
('23','23'),
('24','24'),
('25','25'),
('26','26'),
('27','27'),
('28','28'),
('29','29'),
('30','30'),
('31','31'),
('32','32'),
('33','33'),
('34','34'),
('35','35'),
('36','36'),
('37','37'),
('38','38'),
('39','39'),
('40','40'),
('41','41'),
('42','42'),
('43','43'),
('44','44'),
('45','45'),
('46','46'),
('47','47'),
('48','48'),
('49','49'),
('50','50'),
('51','51'),
('52','52'),
('53','53'),
('54','54'),
('55','55'),
('56','56'),
('57','57'),
('58','58'),
('59','59'),
('60','60'),
('61','61'),
('62','62'),
('63','63'),
('64','64'),
('65','65'),
('66','66'),
('67','67'),
('68','68'),
('69','69'),
('70','70'),
('71','71'),
('72','72'),
('73','73'),
('74','74'),
('75','75'),
('76','76'),
('77','77'),
('78','78'),
('79','79'),
('80','80'),
('81','81'),
('82','82'),
('83','83'),
('84','84'),
('85','85'),
('86','86'),
('87','87'),
('88','88'),
('89','89'),
('90','90'),
('91','91'),
('92','92'),
('93','93'),
('94','94'),
('95','95'),
('96','96'),
('97','97'),
('98','98'),
('99','99'),
('100','100'); 


DROP TABLE IF EXISTS `video_theme`;
CREATE TABLE `video_theme` (
  `video_theme_id` bigint(20) unsigned NOT NULL AUTO_INCREMENT,
  `id` bigint(20) unsigned DEFAULT NULL,
  `name` varchar(255) COLLATE utf8_unicode_ci DEFAULT NULL,
  PRIMARY KEY (`video_theme_id`),
  CONSTRAINT `fk_videos_id` FOREIGN KEY (`video_theme_id`) REFERENCES `videos` (`id`) ON DELETE CASCADE ON UPDATE CASCADE
) ENGINE=InnoDB AUTO_INCREMENT=101 DEFAULT CHARSET=utf8 COLLATE=utf8_unicode_ci;

INSERT INTO `video_theme` VALUES ('1',NULL,'doloribus'),
('2',NULL,'ratione'),
('3',NULL,'pariatur'),
('4',NULL,'modi'),
('5',NULL,'minima'),
('6',NULL,'dolore'),
('7',NULL,'magnam'),
('8',NULL,'ullam'),
('9',NULL,'error'),
('10',NULL,'esse'),
('11',NULL,'dolore'),
('12',NULL,'earum'),
('13',NULL,'ex'),
('14',NULL,'quia'),
('15',NULL,'sapiente'),
('16',NULL,'id'),
('17',NULL,'molestias'),
('18',NULL,'deserunt'),
('19',NULL,'pariatur'),
('20',NULL,'atque'),
('21',NULL,'assumenda'),
('22',NULL,'temporibus'),
('23',NULL,'officiis'),
('24',NULL,'natus'),
('25',NULL,'libero'),
('26',NULL,'praesentium'),
('27',NULL,'sed'),
('28',NULL,'iure'),
('29',NULL,'labore'),
('30',NULL,'et'),
('31',NULL,'voluptate'),
('32',NULL,'fuga'),
('33',NULL,'dolore'),
('34',NULL,'ab'),
('35',NULL,'est'),
('36',NULL,'totam'),
('37',NULL,'expedita'),
('38',NULL,'voluptatem'),
('39',NULL,'qui'),
('40',NULL,'molestiae'),
('41',NULL,'id'),
('42',NULL,'pariatur'),
('43',NULL,'fugit'),
('44',NULL,'impedit'),
('45',NULL,'accusamus'),
('46',NULL,'eos'),
('47',NULL,'in'),
('48',NULL,'quasi'),
('49',NULL,'expedita'),
('50',NULL,'harum'),
('51',NULL,'tempore'),
('52',NULL,'sed'),
('53',NULL,'et'),
('54',NULL,'ea'),
('55',NULL,'distinctio'),
('56',NULL,'ut'),
('57',NULL,'nihil'),
('58',NULL,'nam'),
('59',NULL,'error'),
('60',NULL,'ipsa'),
('61',NULL,'porro'),
('62',NULL,'consequatur'),
('63',NULL,'qui'),
('64',NULL,'ex'),
('65',NULL,'sed'),
('66',NULL,'nam'),
('67',NULL,'est'),
('68',NULL,'beatae'),
('69',NULL,'vel'),
('70',NULL,'laudantium'),
('71',NULL,'eos'),
('72',NULL,'doloribus'),
('73',NULL,'perferendis'),
('74',NULL,'atque'),
('75',NULL,'qui'),
('76',NULL,'velit'),
('77',NULL,'dolorem'),
('78',NULL,'est'),
('79',NULL,'reiciendis'),
('80',NULL,'laboriosam'),
('81',NULL,'et'),
('82',NULL,'eaque'),
('83',NULL,'repudiandae'),
('84',NULL,'aliquid'),
('85',NULL,'dicta'),
('86',NULL,'repudiandae'),
('87',NULL,'id'),
('88',NULL,'sunt'),
('89',NULL,'velit'),
('90',NULL,'eos'),
('91',NULL,'est'),
('92',NULL,'iure'),
('93',NULL,'aliquam'),
('94',NULL,'totam'),
('95',NULL,'et'),
('96',NULL,'eos'),
('97',NULL,'doloribus'),
('98',NULL,'in'),
('99',NULL,'vero'),
('100',NULL,'labore'); 


DROP TABLE IF EXISTS `video_users`;
CREATE TABLE `video_users` (
  `id` bigint(20) unsigned NOT NULL AUTO_INCREMENT,
  `name` varchar(255) COLLATE utf8_unicode_ci DEFAULT NULL,
  `user_id` bigint(20) unsigned DEFAULT NULL,
  `video_id` bigint(20) unsigned DEFAULT NULL,
  `created_at` datetime DEFAULT current_timestamp(),
  PRIMARY KEY (`id`),
  KEY `user_id` (`user_id`),
  KEY `video_id` (`video_id`),
  CONSTRAINT `video_users_ibfk_1` FOREIGN KEY (`user_id`) REFERENCES `users` (`id`) ON DELETE CASCADE ON UPDATE CASCADE,
  CONSTRAINT `video_users_ibfk_2` FOREIGN KEY (`video_id`) REFERENCES `videos` (`id`) ON DELETE CASCADE ON UPDATE CASCADE
) ENGINE=InnoDB AUTO_INCREMENT=101 DEFAULT CHARSET=utf8 COLLATE=utf8_unicode_ci;

INSERT INTO `video_users` VALUES ('1','voluptate','1','1','2015-11-08 21:10:54'),
('2','rerum','2','2','2020-02-17 06:58:15'),
('3','suscipit','3','3','2007-07-11 10:57:48'),
('4','autem','4','4','2000-03-28 19:28:23'),
('5','quo','5','5','1996-03-27 03:33:47'),
('6','ipsa','6','6','2000-02-07 20:11:04'),
('7','repellendus','7','7','2013-11-08 02:11:52'),
('8','explicabo','8','8','1999-05-25 13:34:21'),
('9','qui','9','9','1999-02-11 17:45:40'),
('10','quia','10','10','1986-04-12 15:58:32'),
('11','et','11','11','1999-01-19 21:00:13'),
('12','consequatur','12','12','1999-10-19 18:56:24'),
('13','autem','13','13','1980-09-05 12:50:38'),
('14','sint','14','14','2014-04-15 15:49:15'),
('15','autem','15','15','1998-01-12 12:48:11'),
('16','suscipit','16','16','1993-12-10 09:05:17'),
('17','laudantium','17','17','1997-12-27 19:18:27'),
('18','quia','18','18','2003-02-20 22:08:48'),
('19','aut','19','19','1989-01-13 17:56:52'),
('20','molestiae','20','20','1984-09-15 02:47:07'),
('21','molestiae','21','21','2002-12-30 07:55:50'),
('22','dolor','22','22','1977-09-20 21:17:55'),
('23','rem','23','23','2018-05-23 15:12:57'),
('24','similique','24','24','2001-12-22 03:27:48'),
('25','commodi','25','25','1987-12-15 03:05:31'),
('26','iste','26','26','1976-08-25 04:05:54'),
('27','aut','27','27','1988-07-25 17:12:21'),
('28','cum','28','28','1971-02-24 06:02:38'),
('29','dignissimos','29','29','1981-10-11 14:54:26'),
('30','animi','30','30','2020-02-04 20:46:38'),
('31','dolores','31','31','2004-11-25 23:15:03'),
('32','aperiam','32','32','1978-08-22 17:45:40'),
('33','qui','33','33','2003-05-07 23:02:02'),
('34','quos','34','34','2001-06-28 18:37:39'),
('35','fuga','35','35','1986-03-07 01:43:34'),
('36','expedita','36','36','1971-06-25 06:53:22'),
('37','vero','37','37','1976-04-24 17:47:01'),
('38','ea','38','38','1976-07-11 08:49:53'),
('39','velit','39','39','2007-12-25 03:03:19'),
('40','et','40','40','1974-04-07 22:18:36'),
('41','autem','41','41','1990-04-24 23:13:38'),
('42','magni','42','42','1978-03-02 07:02:57'),
('43','sint','43','43','1982-10-14 10:00:28'),
('44','suscipit','44','44','2009-02-04 15:45:03'),
('45','labore','45','45','2020-12-07 18:14:14'),
('46','quibusdam','46','46','1987-08-10 11:39:54'),
('47','explicabo','47','47','1993-02-12 03:12:49'),
('48','sint','48','48','1996-01-16 23:28:22'),
('49','voluptatibus','49','49','1986-04-20 12:04:33'),
('50','omnis','50','50','1986-03-15 04:59:25'),
('51','repellendus','51','51','1988-02-18 17:50:03'),
('52','voluptatibus','52','52','1979-08-16 17:03:37'),
('53','perferendis','53','53','1978-03-04 09:48:28'),
('54','eum','54','54','1993-03-31 09:26:14'),
('55','tenetur','55','55','2011-07-25 09:39:54'),
('56','qui','56','56','2000-12-16 10:32:41'),
('57','iste','57','57','1990-06-11 20:11:10'),
('58','illum','58','58','2014-05-05 08:48:29'),
('59','minima','59','59','2004-09-10 04:17:48'),
('60','tempora','60','60','1973-08-10 06:11:29'),
('61','qui','61','61','2000-03-19 10:38:43'),
('62','non','62','62','1982-10-08 16:28:29'),
('63','omnis','63','63','2005-05-28 10:04:07'),
('64','esse','64','64','1987-10-06 06:38:52'),
('65','ad','65','65','1976-04-18 20:32:53'),
('66','quia','66','66','1990-06-17 11:03:18'),
('67','nostrum','67','67','1970-10-26 05:29:00'),
('68','ea','68','68','2015-12-29 08:56:10'),
('69','harum','69','69','1991-04-06 00:06:22'),
('70','voluptatibus','70','70','1997-11-24 00:59:05'),
('71','consequatur','71','71','1985-08-03 04:06:52'),
('72','ullam','72','72','1972-11-28 06:42:56'),
('73','voluptas','73','73','1985-04-24 12:30:29'),
('74','accusantium','74','74','1989-12-07 16:54:59'),
('75','sed','75','75','1995-04-03 16:33:47'),
('76','et','76','76','1979-08-11 15:46:17'),
('77','voluptatem','77','77','1971-07-18 23:44:32'),
('78','numquam','78','78','1971-05-04 06:30:55'),
('79','velit','79','79','1971-07-29 03:20:56'),
('80','ipsa','80','80','1986-03-03 23:11:36'),
('81','aliquam','81','81','1991-12-13 12:49:55'),
('82','rerum','82','82','1994-04-08 10:46:27'),
('83','debitis','83','83','1993-01-31 17:28:59'),
('84','impedit','84','84','1984-12-30 01:39:25'),
('85','voluptas','85','85','1991-10-19 15:46:56'),
('86','ut','86','86','1987-12-12 09:47:44'),
('87','consequuntur','87','87','2002-02-02 01:09:41'),
('88','sed','88','88','2016-01-26 18:05:40'),
('89','molestias','89','89','1975-04-28 02:39:31'),
('90','asperiores','90','90','2003-05-19 07:52:12'),
('91','rerum','91','91','1999-04-15 10:34:11'),
('92','facere','92','92','1974-04-19 14:48:10'),
('93','aut','93','93','2016-09-30 03:41:49'),
('94','sunt','94','94','2019-05-29 05:07:42'),
('95','aspernatur','95','95','2002-11-14 17:37:39'),
('96','consequatur','96','96','1973-04-15 12:07:06'),
('97','dignissimos','97','97','1976-09-04 08:59:17'),
('98','eum','98','98','1976-06-18 03:29:36'),
('99','nihil','99','99','2013-10-22 14:46:19'),
('100','consectetur','100','100','1971-10-06 12:34:54'); 


DROP TABLE IF EXISTS `videos`;
CREATE TABLE `videos` (
  `id` bigint(20) unsigned NOT NULL AUTO_INCREMENT,
  `name` varchar(255) COLLATE utf8_unicode_ci DEFAULT NULL,
  `media_types_id` bigint(20) unsigned DEFAULT NULL,
  PRIMARY KEY (`id`),
  KEY `media_types_id` (`media_types_id`),
  CONSTRAINT `videos_ibfk_1` FOREIGN KEY (`media_types_id`) REFERENCES `media` (`media_type_id`) ON DELETE CASCADE ON UPDATE CASCADE
) ENGINE=InnoDB AUTO_INCREMENT=101 DEFAULT CHARSET=utf8 COLLATE=utf8_unicode_ci;

INSERT INTO `videos` VALUES ('1','consequatur','1'),
('2','aut','2'),
('3','delectus','3'),
('4','et','4'),
('5','sit','5'),
('6','rem','6'),
('7','iusto','7'),
('8','voluptatem','8'),
('9','occaecati','9'),
('10','voluptatibus','10'),
('11','delectus','11'),
('12','et','12'),
('13','qui','13'),
('14','sed','14'),
('15','officia','15'),
('16','mollitia','16'),
('17','recusandae','17'),
('18','vitae','18'),
('19','dolorem','19'),
('20','magnam','20'),
('21','quibusdam','21'),
('22','iste','22'),
('23','consequatur','23'),
('24','autem','24'),
('25','sed','25'),
('26','rem','26'),
('27','blanditiis','27'),
('28','porro','28'),
('29','ipsam','29'),
('30','minima','30'),
('31','sed','31'),
('32','autem','32'),
('33','velit','33'),
('34','hic','34'),
('35','corrupti','35'),
('36','officiis','36'),
('37','nemo','37'),
('38','soluta','38'),
('39','aspernatur','39'),
('40','expedita','40'),
('41','eos','41'),
('42','tempora','42'),
('43','tenetur','43'),
('44','dolorem','44'),
('45','cupiditate','45'),
('46','blanditiis','46'),
('47','velit','47'),
('48','quis','48'),
('49','neque','49'),
('50','aut','50'),
('51','facere','51'),
('52','repellat','52'),
('53','sunt','53'),
('54','laborum','54'),
('55','aut','55'),
('56','repellat','56'),
('57','natus','57'),
('58','repellat','58'),
('59','qui','59'),
('60','qui','60'),
('61','sint','61'),
('62','reiciendis','62'),
('63','rerum','63'),
('64','temporibus','64'),
('65','fugit','65'),
('66','in','66'),
('67','aut','67'),
('68','in','68'),
('69','enim','69'),
('70','delectus','70'),
('71','autem','71'),
('72','odio','72'),
('73','fuga','73'),
('74','quia','74'),
('75','voluptatem','75'),
('76','aut','76'),
('77','placeat','77'),
('78','rerum','78'),
('79','laudantium','79'),
('80','sint','80'),
('81','cupiditate','81'),
('82','delectus','82'),
('83','sed','83'),
('84','non','84'),
('85','qui','85'),
('86','odio','86'),
('87','voluptatem','87'),
('88','est','88'),
('89','quia','89'),
('90','delectus','90'),
('91','et','91'),
('92','rerum','92'),
('93','porro','93'),
('94','dignissimos','94'),
('95','mollitia','95'),
('96','aut','96'),
('97','delectus','97'),
('98','perspiciatis','98'),
('99','quo','99'),
('100','consequatur','100'); 




/*!40101 SET SQL_MODE=@OLD_SQL_MODE */;
/*!40014 SET FOREIGN_KEY_CHECKS=@OLD_FOREIGN_KEY_CHECKS */;
/*!40014 SET UNIQUE_CHECKS=@OLD_UNIQUE_CHECKS */;
/*!40101 SET CHARACTER_SET_CLIENT=@OLD_CHARACTER_SET_CLIENT */;
/*!40101 SET CHARACTER_SET_RESULTS=@OLD_CHARACTER_SET_RESULTS */;
/*!40101 SET COLLATION_CONNECTION=@OLD_COLLATION_CONNECTION */;
/*!40111 SET SQL_NOTES=@OLD_SQL_NOTES */;


-- Написать скрипт, возвращающий список имен (только firstname) пользователей без повторений в алфавитном порядке.

SELECT distinct firstname
FROM users
ORDER BY firstname;

-- Первые пять пользователей пометить как удаленные.

UPDATE users
SET 
	is_deleted = 1
WHERE
	id < 6;
	
-- Написать скрипт, удаляющий сообщения «из будущего» (дата больше сегодняшней)

DELETE FROM messages
WHERE CREATED_AT > NOW() ;

-- Написать название темы курсового проекта

-- тема курсового проекта "Интернет магазин стоковой музыки"